typecode,is_compressed,entry_offset,compressed_size,uncompressed_size,name
m,1,339456,235,289,struct
m,1,339691,2831,4914,pyimod01_archive
m,1,342522,13630,31786,pyimod02_importers
m,1,356152,2815,6434,pyimod03_ctypes
m,1,358967,934,1663,pyimod04_pywin32
s,1,359901,1027,1881,pyiboot01_bootstrap
s,1,360928,1470,2779,pyi_rth_inspect
s,1,362398,951,1543,pyi_rth_pkgutil
s,1,363349,654,1004,pyi_rth_setuptools
s,1,364003,1074,1864,pyi_rth_multiprocessing
s,1,365077,631,1004,run_bundled
b,1,365708,59650,120400,VCRUNTIME140.dll
b,1,425358,26379,49776,VCRUNTIME140_1.dll
b,1,451737,33034,72160,_asyncio.pyd
b,1,484771,46075,85984,_bz2.pyd
b,1,530846,63737,133088,_ctypes.pyd
b,1,594583,133215,280032,_decimal.pyd
b,1,727798,62586,136536,_elementtree.pyd
b,1,790384,31645,69976,_hashlib.pyd
b,1,822029,89613,160088,_lzma.pyd
b,1,911642,20430,37344,_multiprocessing.pyd
b,1,932072,28724,57680,_overlapped.pyd
b,1,960796,19075,34272,_queue.pyd
b,1,979871,41507,86872,_socket.pyd
b,1,1021378,60533,130256,_sqlite3.pyd
b,1,1081911,72815,181456,_ssl.pyd
b,1,1154726,15941,27856,_uuid.pyd
b,1,1170667,22011,40144,_wmi.pyd
b,1,1192678,27211,50520,_zoneinfo.pyd
b,1,1219889,419810,1401781,base_library.zip
b,1,1639699,154645,283932,certifi\cacert.pem
b,1,1794344,8,0,certifi\py.typed
b,1,1794352,4868,10752,charset_normalizer\md.cp313-win_amd64.pyd
b,1,1799220,47944,126976,charset_normalizer\md__mypyc.cp313-win_amd64.pyd
b,1,1847164,12,4,click-8.3.1.dist-info\INSTALLER
b,1,1847176,1310,2621,click-8.3.1.dist-info\METADATA
b,1,1848486,1197,2531,click-8.3.1.dist-info\RECORD
b,1,1849683,89,82,click-8.3.1.dist-info\WHEEL
b,1,1849772,775,1475,click-8.3.1.dist-info\licenses\LICENSE.txt
b,1,1850547,151398,156400,dateutil\zoneinfo\dateutil-zoneinfo.tar.gz
b,1,2001945,3699,14344,dist\assets\index-BvJ8R6G1.css
b,1,2005644,79839,247203,dist\assets\index-k6hjH-tY.js
b,1,2085483,279,455,dist\index.html
b,1,2085762,759,1497,dist\vite.svg
b,1,2086521,1856009,5231472,libcrypto-3.dll
b,1,3942530,23195,39696,libffi-8.dll
b,1,3965725,283342,794992,libssl-3.dll
b,1,4249067,221,462,numpy-2.4.0.dist-info\DELVEWHEEL
b,1,4249288,12,4,numpy-2.4.0.dist-info\INSTALLER
b,1,4249300,2609,6608,numpy-2.4.0.dist-info\METADATA
b,1,4251909,43621,112122,numpy-2.4.0.dist-info\RECORD
b,1,4295530,88,85,numpy-2.4.0.dist-info\WHEEL
b,1,4295618,140,220,numpy-2.4.0.dist-info\entry_points.txt
b,1,4295758,15039,45831,numpy-2.4.0.dist-info\licenses\LICENSE.txt
b,1,4310797,545,1039,numpy-2.4.0.dist-info\licenses\numpy\_core\include\numpy\libdivide\LICENSE.txt
b,1,4311342,449,704,numpy-2.4.0.dist-info\licenses\numpy\_core\src\common\pythoncapi-compat\COPYING
b,1,4311791,7201,21155,numpy-2.4.0.dist-info\licenses\numpy\_core\src\highway\LICENSE
b,1,4318992,836,1441,numpy-2.4.0.dist-info\licenses\numpy\_core\src\multiarray\dragon4_LICENSE.txt
b,1,4319828,813,1542,numpy-2.4.0.dist-info\licenses\numpy\_core\src\npysort\x86-simd-sort\LICENSE.md
b,1,4320641,816,1573,numpy-2.4.0.dist-info\licenses\numpy\_core\src\umath\svml\LICENSE
b,1,4321457,804,1523,numpy-2.4.0.dist-info\licenses\numpy\fft\pocketfft\LICENSE.md
b,1,4322261,1071,2314,numpy-2.4.0.dist-info\licenses\numpy\linalg\lapack_lite\LICENSE.txt
b,1,4323332,814,1616,numpy-2.4.0.dist-info\licenses\numpy\ma\LICENSE
b,1,4324146,1496,3582,numpy-2.4.0.dist-info\licenses\numpy\random\LICENSE.md
b,1,4325642,1333,2805,numpy-2.4.0.dist-info\licenses\numpy\random\src\distributions\LICENSE.md
b,1,4326975,1430,2986,numpy-2.4.0.dist-info\licenses\numpy\random\src\mt19937\LICENSE.md
b,1,4328405,697,1176,numpy-2.4.0.dist-info\licenses\numpy\random\src\pcg64\LICENSE.md
b,1,4329102,807,1540,numpy-2.4.0.dist-info\licenses\numpy\random\src\philox\LICENSE.md
b,1,4329909,769,1253,numpy-2.4.0.dist-info\licenses\numpy\random\src\sfc64\LICENSE.md
b,1,4330678,246,340,numpy-2.4.0.dist-info\licenses\numpy\random\src\splitmix64\LICENSE.md
b,1,4330924,6418167,20403712,numpy.libs\libscipy_openblas64_-9e3e5a4229c1ca39f10dc82bba9e2b2b.dll
b,1,10749091,184649,575056,numpy.libs\msvcp140-a4c2229bdc2a2a630acdc095b4d86008.dll
b,1,10933740,29258,64512,numpy\_core\_multiarray_tests.cp313-win_amd64.pyd
b,1,10962998,1212617,3706880,numpy\_core\_multiarray_umath.cp313-win_amd64.pyd
b,1,12175615,108240,276480,numpy\fft\_pocketfft_umath.cp313-win_amd64.pyd
b,1,12283855,43923,112128,numpy\linalg\_umath_linalg.cp313-win_amd64.pyd
b,1,12327778,87558,206848,numpy\random\_bounded_integers.cp313-win_amd64.pyd
b,1,12415336,67746,160768,numpy\random\_common.cp313-win_amd64.pyd
b,1,12483082,255174,583680,numpy\random\_generator.cp313-win_amd64.pyd
b,1,12738256,40598,83456,numpy\random\_mt19937.cp313-win_amd64.pyd
b,1,12778854,37764,92672,numpy\random\_pcg64.cp313-win_amd64.pyd
b,1,12816618,35111,78336,numpy\random\_philox.cp313-win_amd64.pyd
b,1,12851729,27463,58880,numpy\random\_sfc64.cp313-win_amd64.pyd
b,1,12879192,69526,157696,numpy\random\bit_generator.cp313-win_amd64.pyd
b,1,12948718,204848,488960,numpy\random\mtrand.cp313-win_amd64.pyd
b,1,13153566,184649,575056,pandas.libs\msvcp140-a4c2229bdc2a2a630acdc095b4d86008.dll
b,1,13338215,492636,1701888,pandas\_libs\algos.cp313-win_amd64.pyd
b,1,13830851,40672,92160,pandas\_libs\arrays.cp313-win_amd64.pyd
b,1,13871523,18301,42496,pandas\_libs\byteswap.cp313-win_amd64.pyd
b,1,13889824,549276,2019840,pandas\_libs\groupby.cp313-win_amd64.pyd
b,1,14439100,71095,155648,pandas\_libs\hashing.cp313-win_amd64.pyd
b,1,14510195,477707,1758720,pandas\_libs\hashtable.cp313-win_amd64.pyd
b,1,14987902,221104,677888,pandas\_libs\index.cp313-win_amd64.pyd
b,1,15209006,23658,50688,pandas\_libs\indexing.cp313-win_amd64.pyd
b,1,15232664,133101,301056,pandas\_libs\internals.cp313-win_amd64.pyd
b,1,15365765,275334,1028096,pandas\_libs\interval.cp313-win_amd64.pyd
b,1,15641099,307324,1026560,pandas\_libs\join.cp313-win_amd64.pyd
b,1,15948423,24010,51200,pandas\_libs\json.cp313-win_amd64.pyd
b,1,15972433,248541,627712,pandas\_libs\lib.cp313-win_amd64.pyd
b,1,16220974,67071,156160,pandas\_libs\missing.cp313-win_amd64.pyd
b,1,16288045,86024,191488,pandas\_libs\ops.cp313-win_amd64.pyd
b,1,16374069,21328,45568,pandas\_libs\ops_dispatch.cp313-win_amd64.pyd
b,1,16395397,14925,32256,pandas\_libs\pandas_datetime.cp313-win_amd64.pyd
b,1,16410322,16398,29696,pandas\_libs\pandas_parser.cp313-win_amd64.pyd
b,1,16426720,159041,358912,pandas\_libs\parsers.cp313-win_amd64.pyd
b,1,16585761,27918,63488,pandas\_libs\properties.cp313-win_amd64.pyd
b,1,16613679,92054,228352,pandas\_libs\reshape.cp313-win_amd64.pyd
b,1,16705733,83838,187392,pandas\_libs\sas.cp313-win_amd64.pyd
b,1,16789571,241167,751104,pandas\_libs\sparse.cp313-win_amd64.pyd
b,1,17030738,37194,80384,pandas\_libs\testing.cp313-win_amd64.pyd
b,1,17067932,110497,240128,pandas\_libs\tslib.cp313-win_amd64.pyd
b,1,17178429,21306,46080,pandas\_libs\tslibs\base.cp313-win_amd64.pyd
b,1,17199735,27283,60416,pandas\_libs\tslibs\ccalendar.cp313-win_amd64.pyd
b,1,17227018,96320,215040,pandas\_libs\tslibs\conversion.cp313-win_amd64.pyd
b,1,17323338,59966,144896,pandas\_libs\tslibs\dtypes.cp313-win_amd64.pyd
b,1,17383304,112363,257536,pandas\_libs\tslibs\fields.cp313-win_amd64.pyd
b,1,17495667,66410,188416,pandas\_libs\tslibs\nattype.cp313-win_amd64.pyd
b,1,17562077,47235,106496,pandas\_libs\tslibs\np_datetime.cp313-win_amd64.pyd
b,1,17609312,285127,779264,pandas\_libs\tslibs\offsets.cp313-win_amd64.pyd
b,1,17894439,134435,297984,pandas\_libs\tslibs\parsing.cp313-win_amd64.pyd
b,1,18028874,153048,378880,pandas\_libs\tslibs\period.cp313-win_amd64.pyd
b,1,18181922,124804,277504,pandas\_libs\tslibs\strptime.cp313-win_amd64.pyd
b,1,18306726,180394,440320,pandas\_libs\tslibs\timedeltas.cp313-win_amd64.pyd
b,1,18487120,177378,481280,pandas\_libs\tslibs\timestamps.cp313-win_amd64.pyd
b,1,18664498,91138,203776,pandas\_libs\tslibs\timezones.cp313-win_amd64.pyd
b,1,18755636,104941,228864,pandas\_libs\tslibs\tzconversion.cp313-win_amd64.pyd
b,1,18860577,80211,180224,pandas\_libs\tslibs\vectorized.cp313-win_amd64.pyd
b,1,18940788,137224,321536,pandas\_libs\window\aggregations.cp313-win_amd64.pyd
b,1,19078012,70706,154112,pandas\_libs\window\indexers.cp313-win_amd64.pyd
b,1,19148718,84032,184832,pandas\_libs\writers.cp313-win_amd64.pyd
b,1,19232750,197,412,pandas\io\formats\templates\html.tpl
b,1,19232947,250,694,pandas\io\formats\templates\html_style.tpl
b,1,19233197,425,1811,pandas\io\formats\templates\html_table.tpl
b,1,19233622,82,127,pandas\io\formats\templates\latex.tpl
b,1,19233704,674,2877,pandas\io\formats\templates\latex_longtable.tpl
b,1,19234378,624,2221,pandas\io\formats\templates\latex_table.tpl
b,1,19235002,129,344,pandas\io\formats\templates\string.tpl
b,1,19235131,12,4,pydantic-2.12.5.dist-info\INSTALLER
b,1,19235143,16454,90587,pydantic-2.12.5.dist-info\METADATA
b,1,19251597,5538,15455,pydantic-2.12.5.dist-info\RECORD
b,1,19257135,92,87,pydantic-2.12.5.dist-info\WHEEL
b,1,19257227,674,1129,pydantic-2.12.5.dist-info\licenses\LICENSE
b,1,19257901,1970752,5437440,pydantic_core\_pydantic_core.cp313-win_amd64.pyd
b,1,21228653,99471,204768,pyexpat.pyd
b,1,21328124,2497473,6110416,python313.dll
b,1,23825597,54,148,pytz\zoneinfo\Africa\Abidjan
b,1,23825651,54,148,pytz\zoneinfo\Africa\Accra
b,1,23825705,116,265,pytz\zoneinfo\Africa\Addis_Ababa
b,1,23825821,367,735,pytz\zoneinfo\Africa\Algiers
b,1,23826188,116,265,pytz\zoneinfo\Africa\Asmara
b,1,23826304,116,265,pytz\zoneinfo\Africa\Asmera
b,1,23826420,54,148,pytz\zoneinfo\Africa\Bamako
b,1,23826474,98,235,pytz\zoneinfo\Africa\Bangui
b,1,23826572,54,148,pytz\zoneinfo\Africa\Banjul
b,1,23826626,79,194,pytz\zoneinfo\Africa\Bissau
b,1,23826705,57,149,pytz\zoneinfo\Africa\Blantyre
b,1,23826762,98,235,pytz\zoneinfo\Africa\Brazzaville
b,1,23826860,57,149,pytz\zoneinfo\Africa\Bujumbura
b,1,23826917,1169,2399,pytz\zoneinfo\Africa\Cairo
b,1,23828086,1212,2429,pytz\zoneinfo\Africa\Casablanca
b,1,23829298,974,2052,pytz\zoneinfo\Africa\Ceuta
b,1,23830272,54,148,pytz\zoneinfo\Africa\Conakry
b,1,23830326,54,148,pytz\zoneinfo\Africa\Dakar
b,1,23830380,116,265,pytz\zoneinfo\Africa\Dar_es_Salaam
b,1,23830496,116,265,pytz\zoneinfo\Africa\Djibouti
b,1,23830612,98,235,pytz\zoneinfo\Africa\Douala
b,1,23830710,1136,2295,pytz\zoneinfo\Africa\El_Aaiun
b,1,23831846,54,148,pytz\zoneinfo\Africa\Freetown
b,1,23831900,57,149,pytz\zoneinfo\Africa\Gaborone
b,1,23831957,57,149,pytz\zoneinfo\Africa\Harare
b,1,23832014,112,246,pytz\zoneinfo\Africa\Johannesburg
b,1,23832126,330,679,pytz\zoneinfo\Africa\Juba
b,1,23832456,116,265,pytz\zoneinfo\Africa\Kampala
b,1,23832572,331,679,pytz\zoneinfo\Africa\Khartoum
b,1,23832903,57,149,pytz\zoneinfo\Africa\Kigali
b,1,23832960,98,235,pytz\zoneinfo\Africa\Kinshasa
b,1,23833058,98,235,pytz\zoneinfo\Africa\Lagos
b,1,23833156,98,235,pytz\zoneinfo\Africa\Libreville
b,1,23833254,54,148,pytz\zoneinfo\Africa\Lome
b,1,23833308,98,235,pytz\zoneinfo\Africa\Luanda
b,1,23833406,57,149,pytz\zoneinfo\Africa\Lubumbashi
b,1,23833463,57,149,pytz\zoneinfo\Africa\Lusaka
b,1,23833520,98,235,pytz\zoneinfo\Africa\Malabo
b,1,23833618,57,149,pytz\zoneinfo\Africa\Maputo
b,1,23833675,112,246,pytz\zoneinfo\Africa\Maseru
b,1,23833787,112,246,pytz\zoneinfo\Africa\Mbabane
b,1,23833899,116,265,pytz\zoneinfo\Africa\Mogadishu
b,1,23834015,84,208,pytz\zoneinfo\Africa\Monrovia
b,1,23834099,116,265,pytz\zoneinfo\Africa\Nairobi
b,1,23834215,83,199,pytz\zoneinfo\Africa\Ndjamena
b,1,23834298,98,235,pytz\zoneinfo\Africa\Niamey
b,1,23834396,54,148,pytz\zoneinfo\Africa\Nouakchott
b,1,23834450,54,148,pytz\zoneinfo\Africa\Ouagadougou
b,1,23834504,98,235,pytz\zoneinfo\Africa\Porto-Novo
b,1,23834602,101,254,pytz\zoneinfo\Africa\Sao_Tome
b,1,23834703,54,148,pytz\zoneinfo\Africa\Timbuktu
b,1,23834757,328,625,pytz\zoneinfo\Africa\Tripoli
b,1,23835085,351,689,pytz\zoneinfo\Africa\Tunis
b,1,23835436,481,955,pytz\zoneinfo\Africa\Windhoek
b,1,23835917,1153,2356,pytz\zoneinfo\America\Adak
b,1,23837070,1155,2371,pytz\zoneinfo\America\Anchorage
b,1,23838225,106,246,pytz\zoneinfo\America\Anguilla
b,1,23838331,106,246,pytz\zoneinfo\America\Antigua
b,1,23838437,434,870,pytz\zoneinfo\America\Araguaina
b,1,23838871,536,1062,pytz\zoneinfo\America\Argentina\Buenos_Aires
b,1,23839407,535,1062,pytz\zoneinfo\America\Argentina\Catamarca
b,1,23839942,535,1062,pytz\zoneinfo\America\Argentina\ComodRivadavia
b,1,23840477,533,1062,pytz\zoneinfo\America\Argentina\Cordoba
b,1,23841010,523,1034,pytz\zoneinfo\America\Argentina\Jujuy
b,1,23841533,540,1076,pytz\zoneinfo\America\Argentina\La_Rioja
b,1,23842073,536,1062,pytz\zoneinfo\America\Argentina\Mendoza
b,1,23842609,535,1062,pytz\zoneinfo\America\Argentina\Rio_Gallegos
b,1,23843144,522,1034,pytz\zoneinfo\America\Argentina\Salta
b,1,23843666,538,1076,pytz\zoneinfo\America\Argentina\San_Juan
b,1,23844204,543,1088,pytz\zoneinfo\America\Argentina\San_Luis
b,1,23844747,550,1090,pytz\zoneinfo\America\Argentina\Tucuman
b,1,23845297,536,1062,pytz\zoneinfo\America\Argentina\Ushuaia
b,1,23845833,106,246,pytz\zoneinfo\America\Aruba
b,1,23845939,778,1644,pytz\zoneinfo\America\Asuncion
b,1,23846717,77,182,pytz\zoneinfo\America\Atikokan
b,1,23846794,1153,2356,pytz\zoneinfo\America\Atka
b,1,23847947,504,1010,pytz\zoneinfo\America\Bahia
b,1,23848451,542,1100,pytz\zoneinfo\America\Bahia_Banderas
b,1,23848993,217,436,pytz\zoneinfo\America\Barbados
b,1,23849210,290,562,pytz\zoneinfo\America\Belem
b,1,23849500,773,1614,pytz\zoneinfo\America\Belize
b,1,23850273,106,246,pytz\zoneinfo\America\Blanc-Sablon
b,1,23850379,316,618,pytz\zoneinfo\America\Boa_Vista
b,1,23850695,102,232,pytz\zoneinfo\America\Bogota
b,1,23850797,1144,2410,pytz\zoneinfo\America\Boise
b,1,23851941,536,1062,pytz\zoneinfo\America\Buenos_Aires
b,1,23852477,1073,2254,pytz\zoneinfo\America\Cambridge_Bay
b,1,23853550,689,1430,pytz\zoneinfo\America\Campo_Grande
b,1,23854239,423,864,pytz\zoneinfo\America\Cancun
b,1,23854662,117,250,pytz\zoneinfo\America\Caracas
b,1,23854779,535,1062,pytz\zoneinfo\America\Catamarca
b,1,23855314,81,184,pytz\zoneinfo\America\Cayenne
b,1,23855395,77,182,pytz\zoneinfo\America\Cayman
b,1,23855472,1707,3592,pytz\zoneinfo\America\Chicago
b,1,23857179,537,1102,pytz\zoneinfo\America\Chihuahua
b,1,23857716,751,1538,pytz\zoneinfo\America\Ciudad_Juarez
b,1,23858467,77,182,pytz\zoneinfo\America\Coral_Harbour
b,1,23858544,533,1062,pytz\zoneinfo\America\Cordoba
b,1,23859077,153,316,pytz\zoneinfo\America\Costa_Rica
b,1,23859230,1026,2126,pytz\zoneinfo\America\Coyhaique
b,1,23860256,173,360,pytz\zoneinfo\America\Creston
b,1,23860429,677,1402,pytz\zoneinfo\America\Cuiaba
b,1,23861106,106,246,pytz\zoneinfo\America\Curacao
b,1,23861212,342,698,pytz\zoneinfo\America\Danmarkshavn
b,1,23861554,758,1614,pytz\zoneinfo\America\Dawson
b,1,23862312,511,1050,pytz\zoneinfo\America\Dawson_Creek
b,1,23862823,1171,2460,pytz\zoneinfo\America\Denver
b,1,23863994,1066,2230,pytz\zoneinfo\America\Detroit
b,1,23865060,106,246,pytz\zoneinfo\America\Dominica
b,1,23865166,1122,2332,pytz\zoneinfo\America\Edmonton
b,1,23866288,321,642,pytz\zoneinfo\America\Eirunepe
b,1,23866609,104,224,pytz\zoneinfo\America\El_Salvador
b,1,23866713,1157,2458,pytz\zoneinfo\America\Ensenada
b,1,23867870,1051,2240,pytz\zoneinfo\America\Fort_Nelson
b,1,23868921,810,1682,pytz\zoneinfo\America\Fort_Wayne
b,1,23869731,355,702,pytz\zoneinfo\America\Fortaleza
b,1,23870086,1051,2192,pytz\zoneinfo\America\Glace_Bay
b,1,23871137,884,1889,pytz\zoneinfo\America\Godthab
b,1,23872021,1553,3210,pytz\zoneinfo\America\Goose_Bay
b,1,23873574,893,1834,pytz\zoneinfo\America\Grand_Turk
b,1,23874467,106,246,pytz\zoneinfo\America\Grenada
b,1,23874573,106,246,pytz\zoneinfo\America\Guadeloupe
b,1,23874679,135,280,pytz\zoneinfo\America\Guatemala
b,1,23874814,106,232,pytz\zoneinfo\America\Guayaquil
b,1,23874920,111,248,pytz\zoneinfo\America\Guyana
b,1,23875031,1633,3424,pytz\zoneinfo\America\Halifax
b,1,23876664,1151,2416,pytz\zoneinfo\America\Havana
b,1,23877815,190,388,pytz\zoneinfo\America\Hermosillo
b,1,23878005,810,1682,pytz\zoneinfo\America\Indiana\Indianapolis
b,1,23878815,1166,2444,pytz\zoneinfo\America\Indiana\Knox
b,1,23879981,840,1738,pytz\zoneinfo\America\Indiana\Marengo
b,1,23880821,943,1920,pytz\zoneinfo\America\Indiana\Petersburg
b,1,23881764,819,1700,pytz\zoneinfo\America\Indiana\Tell_City
b,1,23882583,689,1430,pytz\zoneinfo\America\Indiana\Vevay
b,1,23883272,825,1710,pytz\zoneinfo\America\Indiana\Vincennes
b,1,23884097,882,1794,pytz\zoneinfo\America\Indiana\Winamac
b,1,23884979,810,1682,pytz\zoneinfo\America\Indianapolis
b,1,23885789,1001,2074,pytz\zoneinfo\America\Inuvik
b,1,23886790,1048,2202,pytz\zoneinfo\America\Iqaluit
b,1,23887838,250,482,pytz\zoneinfo\America\Jamaica
b,1,23888088,523,1034,pytz\zoneinfo\America\Jujuy
b,1,23888611,1146,2353,pytz\zoneinfo\America\Juneau
b,1,23889757,1326,2788,pytz\zoneinfo\America\Kentucky\Louisville
b,1,23891083,1132,2368,pytz\zoneinfo\America\Kentucky\Monticello
b,1,23892215,1166,2444,pytz\zoneinfo\America\Knox_IN
b,1,23893381,106,246,pytz\zoneinfo\America\Kralendijk
b,1,23893487,97,218,pytz\zoneinfo\America\La_Paz
b,1,23893584,200,392,pytz\zoneinfo\America\Lima
b,1,23893784,1347,2852,pytz\zoneinfo\America\Los_Angeles
b,1,23895131,1326,2788,pytz\zoneinfo\America\Louisville
b,1,23896457,106,246,pytz\zoneinfo\America\Lower_Princes
b,1,23896563,365,730,pytz\zoneinfo\America\Maceio
b,1,23896928,216,430,pytz\zoneinfo\America\Managua
b,1,23897144,304,590,pytz\zoneinfo\America\Manaus
b,1,23897448,106,246,pytz\zoneinfo\America\Marigot
b,1,23897554,101,232,pytz\zoneinfo\America\Martinique
b,1,23897655,691,1418,pytz\zoneinfo\America\Matamoros
b,1,23898346,526,1060,pytz\zoneinfo\America\Mazatlan
b,1,23898872,536,1062,pytz\zoneinfo\America\Mendoza
b,1,23899408,1088,2274,pytz\zoneinfo\America\Menominee
b,1,23900496,492,1004,pytz\zoneinfo\America\Merida
b,1,23900988,720,1423,pytz\zoneinfo\America\Metlakatla
b,1,23901708,594,1222,pytz\zoneinfo\America\Mexico_City
b,1,23902302,796,1652,pytz\zoneinfo\America\Miquelon
b,1,23903098,1501,3154,pytz\zoneinfo\America\Moncton
b,1,23904599,542,1114,pytz\zoneinfo\America\Monterrey
b,1,23905141,734,1496,pytz\zoneinfo\America\Montevideo
b,1,23905875,1653,3494,pytz\zoneinfo\America\Montreal
b,1,23907528,106,246,pytz\zoneinfo\America\Montserrat
b,1,23907634,1653,3494,pytz\zoneinfo\America\Nassau
b,1,23909287,1676,3552,pytz\zoneinfo\America\New_York
b,1,23910963,1653,3494,pytz\zoneinfo\America\Nipigon
b,1,23912616,1162,2367,pytz\zoneinfo\America\Nome
b,1,23913778,350,702,pytz\zoneinfo\America\Noronha
b,1,23914128,1148,2396,pytz\zoneinfo\America\North_Dakota\Beulah
b,1,23915276,1150,2396,pytz\zoneinfo\America\North_Dakota\Center
b,1,23916426,1148,2396,pytz\zoneinfo\America\North_Dakota\New_Salem
b,1,23917574,884,1889,pytz\zoneinfo\America\Nuuk
b,1,23918458,750,1524,pytz\zoneinfo\America\Ojinaga
b,1,23919208,77,182,pytz\zoneinfo\America\Panama
b,1,23919285,1048,2202,pytz\zoneinfo\America\Pangnirtung
b,1,23920333,109,248,pytz\zoneinfo\America\Paramaribo
b,1,23920442,173,360,pytz\zoneinfo\America\Phoenix
b,1,23920615,705,1434,pytz\zoneinfo\America\Port-au-Prince
b,1,23921320,106,246,pytz\zoneinfo\America\Port_of_Spain
b,1,23921426,309,614,pytz\zoneinfo\America\Porto_Acre
b,1,23921735,293,562,pytz\zoneinfo\America\Porto_Velho
b,1,23922028,106,246,pytz\zoneinfo\America\Puerto_Rico
b,1,23922134,910,1902,pytz\zoneinfo\America\Punta_Arenas
b,1,23923044,1372,2868,pytz\zoneinfo\America\Rainy_River
b,1,23924416,1002,2066,pytz\zoneinfo\America\Rankin_Inlet
b,1,23925418,354,702,pytz\zoneinfo\America\Recife
b,1,23925772,482,980,pytz\zoneinfo\America\Regina
b,1,23926254,1002,2066,pytz\zoneinfo\America\Resolute
b,1,23927256,309,614,pytz\zoneinfo\America\Rio_Branco
b,1,23927565,533,1062,pytz\zoneinfo\America\Rosario
b,1,23928098,1157,2458,pytz\zoneinfo\America\Santa_Isabel
b,1,23929255,304,588,pytz\zoneinfo\America\Santarem
b,1,23929559,1194,2515,pytz\zoneinfo\America\Santiago
b,1,23930753,236,458,pytz\zoneinfo\America\Santo_Domingo
b,1,23930989,691,1430,pytz\zoneinfo\America\Sao_Paulo
b,1,23931680,900,1935,pytz\zoneinfo\America\Scoresbysund
b,1,23932580,1171,2460,pytz\zoneinfo\America\Shiprock
b,1,23933751,1136,2329,pytz\zoneinfo\America\Sitka
b,1,23934887,106,246,pytz\zoneinfo\America\St_Barthelemy
b,1,23934993,1776,3655,pytz\zoneinfo\America\St_Johns
b,1,23936769,106,246,pytz\zoneinfo\America\St_Kitts
b,1,23936875,106,246,pytz\zoneinfo\America\St_Lucia
b,1,23936981,106,246,pytz\zoneinfo\America\St_Thomas
b,1,23937087,106,246,pytz\zoneinfo\America\St_Vincent
b,1,23937193,276,560,pytz\zoneinfo\America\Swift_Current
b,1,23937469,121,252,pytz\zoneinfo\America\Tegucigalpa
b,1,23937590,727,1502,pytz\zoneinfo\America\Thule
b,1,23938317,1653,3494,pytz\zoneinfo\America\Thunder_Bay
b,1,23939970,1157,2458,pytz\zoneinfo\America\Tijuana
b,1,23941127,1653,3494,pytz\zoneinfo\America\Toronto
b,1,23942780,106,246,pytz\zoneinfo\America\Tortola
b,1,23942886,1367,2892,pytz\zoneinfo\America\Vancouver
b,1,23944253,106,246,pytz\zoneinfo\America\Virgin
b,1,23944359,760,1614,pytz\zoneinfo\America\Whitehorse
b,1,23945119,1372,2868,pytz\zoneinfo\America\Winnipeg
b,1,23946491,1117,2305,pytz\zoneinfo\America\Yakutat
b,1,23947608,1122,2332,pytz\zoneinfo\America\Yellowknife
b,1,23948730,209,423,pytz\zoneinfo\Antarctica\Casey
b,1,23948939,125,283,pytz\zoneinfo\Antarctica\Davis
b,1,23949064,88,172,pytz\zoneinfo\Antarctica\DumontDUrville
b,1,23949152,1052,2260,pytz\zoneinfo\Antarctica\Macquarie
b,1,23950204,74,185,pytz\zoneinfo\Antarctica\Mawson
b,1,23950278,1138,2437,pytz\zoneinfo\Antarctica\McMurdo
b,1,23951416,671,1404,pytz\zoneinfo\Antarctica\Palmer
b,1,23952087,56,150,pytz\zoneinfo\Antarctica\Rothera
b,1,23952143,1138,2437,pytz\zoneinfo\Antarctica\South_Pole
b,1,23953281,60,151,pytz\zoneinfo\Antarctica\Syowa
b,1,23953341,560,1148,pytz\zoneinfo\Antarctica\Troll
b,1,23953901,90,213,pytz\zoneinfo\Antarctica\Vostok
b,1,23953991,1073,2298,pytz\zoneinfo\Arctic\Longyearbyen
b,1,23955064,60,151,pytz\zoneinfo\Asia\Aden
b,1,23955124,485,983,pytz\zoneinfo\Asia\Almaty
b,1,23955609,689,1433,pytz\zoneinfo\Asia\Amman
b,1,23956298,575,1174,pytz\zoneinfo\Asia\Anadyr
b,1,23956873,480,969,pytz\zoneinfo\Asia\Aqtau
b,1,23957353,485,997,pytz\zoneinfo\Asia\Aqtobe
b,1,23957838,301,605,pytz\zoneinfo\Asia\Ashgabat
b,1,23958139,301,605,pytz\zoneinfo\Asia\Ashkhabad
b,1,23958440,483,977,pytz\zoneinfo\Asia\Atyrau
b,1,23958923,483,969,pytz\zoneinfo\Asia\Baghdad
b,1,23959406,78,185,pytz\zoneinfo\Asia\Bahrain
b,1,23959484,580,1213,pytz\zoneinfo\Asia\Baku
b,1,23960064,76,185,pytz\zoneinfo\Asia\Bangkok
b,1,23960140,595,1207,pytz\zoneinfo\Asia\Barnaul
b,1,23960735,1033,2154,pytz\zoneinfo\Asia\Beirut
b,1,23961768,491,969,pytz\zoneinfo\Asia\Bishkek
b,1,23962259,236,469,pytz\zoneinfo\Asia\Brunei
b,1,23962495,161,285,pytz\zoneinfo\Asia\Calcutta
b,1,23962656,575,1207,pytz\zoneinfo\Asia\Chita
b,1,23963231,429,877,pytz\zoneinfo\Asia\Choibalsan
b,1,23963660,286,561,pytz\zoneinfo\Asia\Chongqing
b,1,23963946,286,561,pytz\zoneinfo\Asia\Chungking
b,1,23964232,161,358,pytz\zoneinfo\Asia\Colombo
b,1,23964393,151,323,pytz\zoneinfo\Asia\Dacca
b,1,23964544,901,1873,pytz\zoneinfo\Asia\Damascus
b,1,23965445,151,323,pytz\zoneinfo\Asia\Dhaka
b,1,23965596,104,257,pytz\zoneinfo\Asia\Dili
b,1,23965700,60,151,pytz\zoneinfo\Asia\Dubai
b,1,23965760,288,577,pytz\zoneinfo\Asia\Dushanbe
b,1,23966048,978,2028,pytz\zoneinfo\Asia\Famagusta
b,1,23967026,1930,3844,pytz\zoneinfo\Asia\Gaza
b,1,23968956,286,561,pytz\zoneinfo\Asia\Harbin
b,1,23969242,1945,3872,pytz\zoneinfo\Asia\Hebron
b,1,23971187,157,337,pytz\zoneinfo\Asia\Ho_Chi_Minh
b,1,23971344,592,1233,pytz\zoneinfo\Asia\Hong_Kong
b,1,23971936,430,877,pytz\zoneinfo\Asia\Hovd
b,1,23972366,584,1229,pytz\zoneinfo\Asia\Irkutsk
b,1,23972950,917,1933,pytz\zoneinfo\Asia\Istanbul
b,1,23973867,174,383,pytz\zoneinfo\Asia\Jakarta
b,1,23974041,91,221,pytz\zoneinfo\Asia\Jayapura
b,1,23974132,1149,2388,pytz\zoneinfo\Asia\Jerusalem
b,1,23975281,82,194,pytz\zoneinfo\Asia\Kabul
b,1,23975363,564,1152,pytz\zoneinfo\Asia\Kamchatka
b,1,23975927,183,379,pytz\zoneinfo\Asia\Karachi
b,1,23976110,60,151,pytz\zoneinfo\Asia\Kashgar
b,1,23976170,84,198,pytz\zoneinfo\Asia\Kathmandu
b,1,23976254,84,198,pytz\zoneinfo\Asia\Katmandu
b,1,23976338,603,1257,pytz\zoneinfo\Asia\Khandyga
b,1,23976941,161,285,pytz\zoneinfo\Asia\Kolkata
b,1,23977102,572,1193,pytz\zoneinfo\Asia\Krasnoyarsk
b,1,23977674,172,401,pytz\zoneinfo\Asia\Kuala_Lumpur
b,1,23977846,236,469,pytz\zoneinfo\Asia\Kuching
b,1,23978082,60,151,pytz\zoneinfo\Asia\Kuwait
b,1,23978142,605,1227,pytz\zoneinfo\Asia\Macao
b,1,23978747,605,1227,pytz\zoneinfo\Asia\Macau
b,1,23979352,577,1208,pytz\zoneinfo\Asia\Magadan
b,1,23979929,107,254,pytz\zoneinfo\Asia\Makassar
b,1,23980036,224,422,pytz\zoneinfo\Asia\Manila
b,1,23980260,60,151,pytz\zoneinfo\Asia\Muscat
b,1,23980320,966,2002,pytz\zoneinfo\Asia\Nicosia
b,1,23981286,561,1151,pytz\zoneinfo\Asia\Novokuznetsk
b,1,23981847,590,1207,pytz\zoneinfo\Asia\Novosibirsk
b,1,23982437,571,1193,pytz\zoneinfo\Asia\Omsk
b,1,23983008,491,991,pytz\zoneinfo\Asia\Oral
b,1,23983499,76,185,pytz\zoneinfo\Asia\Phnom_Penh
b,1,23983575,164,353,pytz\zoneinfo\Asia\Pontianak
b,1,23983739,105,237,pytz\zoneinfo\Asia\Pyongyang
b,1,23983844,78,185,pytz\zoneinfo\Asia\Qatar
b,1,23983922,497,1025,pytz\zoneinfo\Asia\Qostanay
b,1,23984419,492,1011,pytz\zoneinfo\Asia\Qyzylorda
b,1,23984911,110,254,pytz\zoneinfo\Asia\Rangoon
b,1,23985021,60,151,pytz\zoneinfo\Asia\Riyadh
b,1,23985081,157,337,pytz\zoneinfo\Asia\Saigon
b,1,23985238,584,1188,pytz\zoneinfo\Asia\Sakhalin
b,1,23985822,287,563,pytz\zoneinfo\Asia\Samarkand
b,1,23986109,319,617,pytz\zoneinfo\Asia\Seoul
b,1,23986428,286,561,pytz\zoneinfo\Asia\Shanghai
b,1,23986714,172,401,pytz\zoneinfo\Asia\Singapore
b,1,23986886,570,1194,pytz\zoneinfo\Asia\Srednekolymsk
b,1,23987456,369,761,pytz\zoneinfo\Asia\Taipei
b,1,23987825,288,577,pytz\zoneinfo\Asia\Tashkent
b,1,23988113,507,1021,pytz\zoneinfo\Asia\Tbilisi
b,1,23988620,600,1248,pytz\zoneinfo\Asia\Tehran
b,1,23989220,1149,2388,pytz\zoneinfo\Asia\Tel_Aviv
b,1,23990369,78,189,pytz\zoneinfo\Asia\Thimbu
b,1,23990447,78,189,pytz\zoneinfo\Asia\Thimphu
b,1,23990525,143,309,pytz\zoneinfo\Asia\Tokyo
b,1,23990668,595,1207,pytz\zoneinfo\Asia\Tomsk
b,1,23991263,107,254,pytz\zoneinfo\Asia\Ujung_Pandang
b,1,23991370,429,877,pytz\zoneinfo\Asia\Ulaanbaatar
b,1,23991799,429,877,pytz\zoneinfo\Asia\Ulan_Bator
b,1,23992228,60,151,pytz\zoneinfo\Asia\Urumqi
b,1,23992288,589,1238,pytz\zoneinfo\Asia\Ust-Nera
b,1,23992877,76,185,pytz\zoneinfo\Asia\Vientiane
b,1,23992953,567,1194,pytz\zoneinfo\Asia\Vladivostok
b,1,23993520,568,1193,pytz\zoneinfo\Asia\Yakutsk
b,1,23994088,110,254,pytz\zoneinfo\Asia\Yangon
b,1,23994198,583,1229,pytz\zoneinfo\Asia\Yekaterinburg
b,1,23994781,550,1137,pytz\zoneinfo\Asia\Yerevan
b,1,23995331,1620,3442,pytz\zoneinfo\Atlantic\Azores
b,1,23996951,1141,2396,pytz\zoneinfo\Atlantic\Bermuda
b,1,23998092,893,1897,pytz\zoneinfo\Atlantic\Canary
b,1,23998985,109,256,pytz\zoneinfo\Atlantic\Cape_Verde
b,1,23999094,844,1815,pytz\zoneinfo\Atlantic\Faeroe
b,1,23999938,844,1815,pytz\zoneinfo\Atlantic\Faroe
b,1,24000782,1073,2298,pytz\zoneinfo\Atlantic\Jan_Mayen
b,1,24001855,1587,3377,pytz\zoneinfo\Atlantic\Madeira
b,1,24003442,54,148,pytz\zoneinfo\Atlantic\Reykjavik
b,1,24003496,65,150,pytz\zoneinfo\Atlantic\South_Georgia
b,1,24003561,54,148,pytz\zoneinfo\Atlantic\St_Helena
b,1,24003615,596,1200,pytz\zoneinfo\Atlantic\Stanley
b,1,24004211,1035,2190,pytz\zoneinfo\Australia\ACT
b,1,24005246,1078,2208,pytz\zoneinfo\Australia\Adelaide
b,1,24006324,209,419,pytz\zoneinfo\Australia\Brisbane
b,1,24006533,1084,2229,pytz\zoneinfo\Australia\Broken_Hill
b,1,24007617,1035,2190,pytz\zoneinfo\Australia\Canberra
b,1,24008652,1099,2358,pytz\zoneinfo\Australia\Currie
b,1,24009751,185,325,pytz\zoneinfo\Australia\Darwin
b,1,24009936,230,456,pytz\zoneinfo\Australia\Eucla
b,1,24010166,1099,2358,pytz\zoneinfo\Australia\Hobart
b,1,24011265,900,1846,pytz\zoneinfo\Australia\LHI
b,1,24012165,242,475,pytz\zoneinfo\Australia\Lindeman
b,1,24012407,900,1846,pytz\zoneinfo\Australia\Lord_Howe
b,1,24013307,1037,2190,pytz\zoneinfo\Australia\Melbourne
b,1,24014344,1035,2190,pytz\zoneinfo\Australia\NSW
b,1,24015379,185,325,pytz\zoneinfo\Australia\North
b,1,24015564,225,446,pytz\zoneinfo\Australia\Perth
b,1,24015789,209,419,pytz\zoneinfo\Australia\Queensland
b,1,24015998,1078,2208,pytz\zoneinfo\Australia\South
b,1,24017076,1035,2190,pytz\zoneinfo\Australia\Sydney
b,1,24018111,1099,2358,pytz\zoneinfo\Australia\Tasmania
b,1,24019210,1037,2190,pytz\zoneinfo\Australia\Victoria
b,1,24020247,225,446,pytz\zoneinfo\Australia\West
b,1,24020472,1084,2229,pytz\zoneinfo\Australia\Yancowinna
b,1,24021556,309,614,pytz\zoneinfo\Brazil\Acre
b,1,24021865,350,702,pytz\zoneinfo\Brazil\DeNoronha
b,1,24022215,691,1430,pytz\zoneinfo\Brazil\East
b,1,24022906,304,590,pytz\zoneinfo\Brazil\West
b,1,24023210,1410,2933,pytz\zoneinfo\CET
b,1,24024620,1707,3592,pytz\zoneinfo\CST6CDT
b,1,24026327,1633,3424,pytz\zoneinfo\Canada\Atlantic
b,1,24027960,1372,2868,pytz\zoneinfo\Canada\Central
b,1,24029332,1653,3494,pytz\zoneinfo\Canada\Eastern
b,1,24030985,1122,2332,pytz\zoneinfo\Canada\Mountain
b,1,24032107,1776,3655,pytz\zoneinfo\Canada\Newfoundland
b,1,24033883,1367,2892,pytz\zoneinfo\Canada\Pacific
b,1,24035250,482,980,pytz\zoneinfo\Canada\Saskatchewan
b,1,24035732,760,1614,pytz\zoneinfo\Canada\Yukon
b,1,24036492,1194,2515,pytz\zoneinfo\Chile\Continental
b,1,24037686,1059,2219,pytz\zoneinfo\Chile\EasterIsland
b,1,24038745,1151,2416,pytz\zoneinfo\Cuba
b,1,24039896,1064,2262,pytz\zoneinfo\EET
b,1,24040960,77,182,pytz\zoneinfo\EST
b,1,24041037,1676,3552,pytz\zoneinfo\EST5EDT
b,1,24042713,1169,2399,pytz\zoneinfo\Egypt
b,1,24043882,1636,3492,pytz\zoneinfo\Eire
b,1,24045518,33,114,pytz\zoneinfo\Etc\GMT
b,1,24045551,33,114,pytz\zoneinfo\Etc\GMT+0
b,1,24045584,39,116,pytz\zoneinfo\Etc\GMT+1
b,1,24045623,40,117,pytz\zoneinfo\Etc\GMT+10
b,1,24045663,40,117,pytz\zoneinfo\Etc\GMT+11
b,1,24045703,40,117,pytz\zoneinfo\Etc\GMT+12
b,1,24045743,39,116,pytz\zoneinfo\Etc\GMT+2
b,1,24045782,39,116,pytz\zoneinfo\Etc\GMT+3
b,1,24045821,39,116,pytz\zoneinfo\Etc\GMT+4
b,1,24045860,39,116,pytz\zoneinfo\Etc\GMT+5
b,1,24045899,39,116,pytz\zoneinfo\Etc\GMT+6
b,1,24045938,39,116,pytz\zoneinfo\Etc\GMT+7
b,1,24045977,39,116,pytz\zoneinfo\Etc\GMT+8
b,1,24046016,39,116,pytz\zoneinfo\Etc\GMT+9
b,1,24046055,33,114,pytz\zoneinfo\Etc\GMT-0
b,1,24046088,40,117,pytz\zoneinfo\Etc\GMT-1
b,1,24046128,41,118,pytz\zoneinfo\Etc\GMT-10
b,1,24046169,41,118,pytz\zoneinfo\Etc\GMT-11
b,1,24046210,41,118,pytz\zoneinfo\Etc\GMT-12
b,1,24046251,41,118,pytz\zoneinfo\Etc\GMT-13
b,1,24046292,41,118,pytz\zoneinfo\Etc\GMT-14
b,1,24046333,40,117,pytz\zoneinfo\Etc\GMT-2
b,1,24046373,40,117,pytz\zoneinfo\Etc\GMT-3
b,1,24046413,40,117,pytz\zoneinfo\Etc\GMT-4
b,1,24046453,40,117,pytz\zoneinfo\Etc\GMT-5
b,1,24046493,40,117,pytz\zoneinfo\Etc\GMT-6
b,1,24046533,40,117,pytz\zoneinfo\Etc\GMT-7
b,1,24046573,40,117,pytz\zoneinfo\Etc\GMT-8
b,1,24046613,40,117,pytz\zoneinfo\Etc\GMT-9
b,1,24046653,33,114,pytz\zoneinfo\Etc\GMT0
b,1,24046686,33,114,pytz\zoneinfo\Etc\Greenwich
b,1,24046719,33,114,pytz\zoneinfo\Etc\UCT
b,1,24046752,33,114,pytz\zoneinfo\Etc\UTC
b,1,24046785,33,114,pytz\zoneinfo\Etc\Universal
b,1,24046818,33,114,pytz\zoneinfo\Etc\Zulu
b,1,24046851,1410,2933,pytz\zoneinfo\Europe\Amsterdam
b,1,24048261,812,1742,pytz\zoneinfo\Europe\Andorra
b,1,24049073,563,1151,pytz\zoneinfo\Europe\Astrakhan
b,1,24049636,1064,2262,pytz\zoneinfo\Europe\Athens
b,1,24050700,1728,3664,pytz\zoneinfo\Europe\Belfast
b,1,24052428,883,1920,pytz\zoneinfo\Europe\Belgrade
b,1,24053311,1073,2298,pytz\zoneinfo\Europe\Berlin
b,1,24054384,1112,2301,pytz\zoneinfo\Europe\Bratislava
b,1,24055496,1410,2933,pytz\zoneinfo\Europe\Brussels
b,1,24056906,1049,2184,pytz\zoneinfo\Europe\Bucharest
b,1,24057955,1115,2368,pytz\zoneinfo\Europe\Budapest
b,1,24059070,941,1909,pytz\zoneinfo\Europe\Busingen
b,1,24060011,1135,2390,pytz\zoneinfo\Europe\Chisinau
b,1,24061146,1073,2298,pytz\zoneinfo\Europe\Copenhagen
b,1,24062219,1636,3492,pytz\zoneinfo\Europe\Dublin
b,1,24063855,1436,3068,pytz\zoneinfo\Europe\Gibraltar
b,1,24065291,1728,3664,pytz\zoneinfo\Europe\Guernsey
b,1,24067019,891,1900,pytz\zoneinfo\Europe\Helsinki
b,1,24067910,1728,3664,pytz\zoneinfo\Europe\Isle_of_Man
b,1,24069638,917,1933,pytz\zoneinfo\Europe\Istanbul
b,1,24070555,1728,3664,pytz\zoneinfo\Europe\Jersey
b,1,24072283,705,1493,pytz\zoneinfo\Europe\Kaliningrad
b,1,24072988,999,2120,pytz\zoneinfo\Europe\Kiev
b,1,24073987,572,1185,pytz\zoneinfo\Europe\Kirov
b,1,24074559,999,2120,pytz\zoneinfo\Europe\Kyiv
b,1,24075558,1671,3527,pytz\zoneinfo\Europe\Lisbon
b,1,24077229,883,1920,pytz\zoneinfo\Europe\Ljubljana
b,1,24078112,1728,3664,pytz\zoneinfo\Europe\London
b,1,24079840,1410,2933,pytz\zoneinfo\Europe\Luxembourg
b,1,24081250,1222,2614,pytz\zoneinfo\Europe\Madrid
b,1,24082472,1249,2620,pytz\zoneinfo\Europe\Malta
b,1,24083721,891,1900,pytz\zoneinfo\Europe\Mariehamn
b,1,24084612,626,1307,pytz\zoneinfo\Europe\Minsk
b,1,24085238,1363,2962,pytz\zoneinfo\Europe\Monaco
b,1,24086601,721,1535,pytz\zoneinfo\Europe\Moscow
b,1,24087322,966,2002,pytz\zoneinfo\Europe\Nicosia
b,1,24088288,1073,2298,pytz\zoneinfo\Europe\Oslo
b,1,24089361,1363,2962,pytz\zoneinfo\Europe\Paris
b,1,24090724,883,1920,pytz\zoneinfo\Europe\Podgorica
b,1,24091607,1112,2301,pytz\zoneinfo\Europe\Prague
b,1,24092719,1042,2198,pytz\zoneinfo\Europe\Riga
b,1,24093761,1307,2641,pytz\zoneinfo\Europe\Rome
b,1,24095068,575,1201,pytz\zoneinfo\Europe\Samara
b,1,24095643,1307,2641,pytz\zoneinfo\Europe\San_Marino
b,1,24096950,883,1920,pytz\zoneinfo\Europe\Sarajevo
b,1,24097833,567,1169,pytz\zoneinfo\Europe\Saratov
b,1,24098400,692,1469,pytz\zoneinfo\Europe\Simferopol
b,1,24099092,883,1920,pytz\zoneinfo\Europe\Skopje
b,1,24099975,1057,2077,pytz\zoneinfo\Europe\Sofia
b,1,24101032,1073,2298,pytz\zoneinfo\Europe\Stockholm
b,1,24102105,1027,2148,pytz\zoneinfo\Europe\Tallinn
b,1,24103132,994,2084,pytz\zoneinfo\Europe\Tirane
b,1,24104126,1135,2390,pytz\zoneinfo\Europe\Tiraspol
b,1,24105261,598,1253,pytz\zoneinfo\Europe\Ulyanovsk
b,1,24105859,999,2120,pytz\zoneinfo\Europe\Uzhgorod
b,1,24106858,941,1909,pytz\zoneinfo\Europe\Vaduz
b,1,24107799,1307,2641,pytz\zoneinfo\Europe\Vatican
b,1,24109106,1027,2200,pytz\zoneinfo\Europe\Vienna
b,1,24110133,1015,2162,pytz\zoneinfo\Europe\Vilnius
b,1,24111148,575,1193,pytz\zoneinfo\Europe\Volgograd
b,1,24111723,1242,2654,pytz\zoneinfo\Europe\Warsaw
b,1,24112965,883,1920,pytz\zoneinfo\Europe\Zagreb
b,1,24113848,999,2120,pytz\zoneinfo\Europe\Zaporozhye
b,1,24114847,941,1909,pytz\zoneinfo\Europe\Zurich
b,1,24115788,35,116,pytz\zoneinfo\Factory
b,1,24115823,1728,3664,pytz\zoneinfo\GB
b,1,24117551,1728,3664,pytz\zoneinfo\GB-Eire
b,1,24119279,33,114,pytz\zoneinfo\GMT
b,1,24119312,33,114,pytz\zoneinfo\GMT+0
b,1,24119345,33,114,pytz\zoneinfo\GMT-0
b,1,24119378,33,114,pytz\zoneinfo\GMT0
b,1,24119411,33,114,pytz\zoneinfo\Greenwich
b,1,24119444,146,329,pytz\zoneinfo\HST
b,1,24119590,592,1233,pytz\zoneinfo\Hongkong
b,1,24120182,54,148,pytz\zoneinfo\Iceland
b,1,24120236,116,265,pytz\zoneinfo\Indian\Antananarivo
b,1,24120352,78,185,pytz\zoneinfo\Indian\Chagos
b,1,24120430,76,185,pytz\zoneinfo\Indian\Christmas
b,1,24120506,110,254,pytz\zoneinfo\Indian\Cocos
b,1,24120616,116,265,pytz\zoneinfo\Indian\Comoro
b,1,24120732,77,185,pytz\zoneinfo\Indian\Kerguelen
b,1,24120809,60,151,pytz\zoneinfo\Indian\Mahe
b,1,24120869,77,185,pytz\zoneinfo\Indian\Maldives
b,1,24120946,104,227,pytz\zoneinfo\Indian\Mauritius
b,1,24121050,116,265,pytz\zoneinfo\Indian\Mayotte
b,1,24121166,60,151,pytz\zoneinfo\Indian\Reunion
b,1,24121226,600,1248,pytz\zoneinfo\Iran
b,1,24121826,1149,2388,pytz\zoneinfo\Israel
b,1,24122975,250,482,pytz\zoneinfo\Jamaica
b,1,24123225,143,309,pytz\zoneinfo\Japan
b,1,24123368,143,302,pytz\zoneinfo\Kwajalein
b,1,24123511,328,625,pytz\zoneinfo\Libya
b,1,24123839,1410,2933,pytz\zoneinfo\MET
b,1,24125249,173,360,pytz\zoneinfo\MST
b,1,24125422,1171,2460,pytz\zoneinfo\MST7MDT
b,1,24126593,1157,2458,pytz\zoneinfo\Mexico\BajaNorte
b,1,24127750,526,1060,pytz\zoneinfo\Mexico\BajaSur
b,1,24128276,594,1222,pytz\zoneinfo\Mexico\General
b,1,24128870,1138,2437,pytz\zoneinfo\NZ
b,1,24130008,975,2054,pytz\zoneinfo\NZ-CHAT
b,1,24130983,1171,2460,pytz\zoneinfo\Navajo
b,1,24132154,286,561,pytz\zoneinfo\PRC
b,1,24132440,1347,2852,pytz\zoneinfo\PST8PDT
b,1,24133787,304,598,pytz\zoneinfo\Pacific\Apia
b,1,24134091,1138,2437,pytz\zoneinfo\Pacific\Auckland
b,1,24135229,139,254,pytz\zoneinfo\Pacific\Bougainville
b,1,24135368,975,2054,pytz\zoneinfo\Pacific\Chatham
b,1,24136343,88,172,pytz\zoneinfo\Pacific\Chuuk
b,1,24136431,1059,2219,pytz\zoneinfo\Pacific\Easter
b,1,24137490,264,524,pytz\zoneinfo\Pacific\Efate
b,1,24137754,97,220,pytz\zoneinfo\Pacific\Enderbury
b,1,24137851,83,186,pytz\zoneinfo\Pacific\Fakaofo
b,1,24137934,290,564,pytz\zoneinfo\Pacific\Fiji
b,1,24138224,62,152,pytz\zoneinfo\Pacific\Funafuti
b,1,24138286,97,224,pytz\zoneinfo\Pacific\Galapagos
b,1,24138383,61,150,pytz\zoneinfo\Pacific\Gambier
b,1,24138444,61,152,pytz\zoneinfo\Pacific\Guadalcanal
b,1,24138505,270,494,pytz\zoneinfo\Pacific\Guam
b,1,24138775,146,329,pytz\zoneinfo\Pacific\Honolulu
b,1,24138921,146,329,pytz\zoneinfo\Pacific\Johnston
b,1,24139067,97,220,pytz\zoneinfo\Pacific\Kanton
b,1,24139164,99,224,pytz\zoneinfo\Pacific\Kiritimati
b,1,24139263,180,337,pytz\zoneinfo\Pacific\Kosrae
b,1,24139443,143,302,pytz\zoneinfo\Pacific\Kwajalein
b,1,24139586,62,152,pytz\zoneinfo\Pacific\Majuro
b,1,24139648,67,159,pytz\zoneinfo\Pacific\Marquesas
b,1,24139715,72,175,pytz\zoneinfo\Pacific\Midway
b,1,24139787,107,238,pytz\zoneinfo\Pacific\Nauru
b,1,24139894,81,189,pytz\zoneinfo\Pacific\Niue
b,1,24139975,430,866,pytz\zoneinfo\Pacific\Norfolk
b,1,24140405,129,290,pytz\zoneinfo\Pacific\Noumea
b,1,24140534,72,175,pytz\zoneinfo\Pacific\Pago_Pago
b,1,24140606,79,166,pytz\zoneinfo\Pacific\Palau
b,1,24140685,81,188,pytz\zoneinfo\Pacific\Pitcairn
b,1,24140766,61,152,pytz\zoneinfo\Pacific\Pohnpei
b,1,24140827,61,152,pytz\zoneinfo\Pacific\Ponape
b,1,24140888,88,172,pytz\zoneinfo\Pacific\Port_Moresby
b,1,24140976,307,589,pytz\zoneinfo\Pacific\Rarotonga
b,1,24141283,270,494,pytz\zoneinfo\Pacific\Saipan
b,1,24141553,72,175,pytz\zoneinfo\Pacific\Samoa
b,1,24141625,62,151,pytz\zoneinfo\Pacific\Tahiti
b,1,24141687,62,152,pytz\zoneinfo\Pacific\Tarawa
b,1,24141749,166,358,pytz\zoneinfo\Pacific\Tongatapu
b,1,24141915,88,172,pytz\zoneinfo\Pacific\Truk
b,1,24142003,62,152,pytz\zoneinfo\Pacific\Wake
b,1,24142065,62,152,pytz\zoneinfo\Pacific\Wallis
b,1,24142127,88,172,pytz\zoneinfo\Pacific\Yap
b,1,24142215,1242,2654,pytz\zoneinfo\Poland
b,1,24143457,1671,3527,pytz\zoneinfo\Portugal
b,1,24145128,369,761,pytz\zoneinfo\ROC
b,1,24145497,319,617,pytz\zoneinfo\ROK
b,1,24145816,172,401,pytz\zoneinfo\Singapore
b,1,24145988,917,1933,pytz\zoneinfo\Turkey
b,1,24146905,33,114,pytz\zoneinfo\UCT
b,1,24146938,1155,2371,pytz\zoneinfo\US\Alaska
b,1,24148093,1153,2356,pytz\zoneinfo\US\Aleutian
b,1,24149246,173,360,pytz\zoneinfo\US\Arizona
b,1,24149419,1707,3592,pytz\zoneinfo\US\Central
b,1,24151126,810,1682,pytz\zoneinfo\US\East-Indiana
b,1,24151936,1676,3552,pytz\zoneinfo\US\Eastern
b,1,24153612,146,329,pytz\zoneinfo\US\Hawaii
b,1,24153758,1166,2444,pytz\zoneinfo\US\Indiana-Starke
b,1,24154924,1066,2230,pytz\zoneinfo\US\Michigan
b,1,24155990,1171,2460,pytz\zoneinfo\US\Mountain
b,1,24157161,1347,2852,pytz\zoneinfo\US\Pacific
b,1,24158508,72,175,pytz\zoneinfo\US\Samoa
b,1,24158580,33,114,pytz\zoneinfo\UTC
b,1,24158613,33,114,pytz\zoneinfo\Universal
b,1,24158646,721,1535,pytz\zoneinfo\W-SU
b,1,24159367,1671,3527,pytz\zoneinfo\WET
b,1,24161038,33,114,pytz\zoneinfo\Zulu
b,1,24161071,2783,4791,pytz\zoneinfo\iso3166.tab
b,1,24163854,1363,3257,pytz\zoneinfo\leapseconds
b,1,24165217,25041,107471,pytz\zoneinfo\tzdata.zi
b,1,24190258,9152,18822,pytz\zoneinfo\zone.tab
b,1,24199410,8628,17597,pytz\zoneinfo\zone1970.tab
b,1,24208038,3574,8084,pytz\zoneinfo\zonenow.tab
b,1,24211612,18820,33112,select.pyd
b,1,24230432,12,4,setuptools\_vendor\importlib_metadata-8.0.0.dist-info\INSTALLER
b,1,24230444,3956,11358,setuptools\_vendor\importlib_metadata-8.0.0.dist-info\LICENSE
b,1,24234400,1670,4648,setuptools\_vendor\importlib_metadata-8.0.0.dist-info\METADATA
b,1,24236070,967,2518,setuptools\_vendor\importlib_metadata-8.0.0.dist-info\RECORD
b,1,24237037,8,0,setuptools\_vendor\importlib_metadata-8.0.0.dist-info\REQUESTED
b,1,24237045,97,91,setuptools\_vendor\importlib_metadata-8.0.0.dist-info\WHEEL
b,1,24237142,27,19,setuptools\_vendor\importlib_metadata-8.0.0.dist-info\top_level.txt
b,1,24237169,672,1335,setuptools\_vendor\jaraco\text\Lorem ipsum.txt
b,1,24237841,845609,1583584,sqlite3.dll
b,1,25083450,55,130,tzdata\zoneinfo\Africa\Abidjan
b,1,25083505,55,130,tzdata\zoneinfo\Africa\Accra
b,1,25083560,106,191,tzdata\zoneinfo\Africa\Addis_Ababa
b,1,25083666,271,470,tzdata\zoneinfo\Africa\Algiers
b,1,25083937,106,191,tzdata\zoneinfo\Africa\Asmara
b,1,25084043,106,191,tzdata\zoneinfo\Africa\Asmera
b,1,25084149,55,130,tzdata\zoneinfo\Africa\Bamako
b,1,25084204,92,180,tzdata\zoneinfo\Africa\Bangui
b,1,25084296,55,130,tzdata\zoneinfo\Africa\Banjul
b,1,25084351,73,149,tzdata\zoneinfo\Africa\Bissau
b,1,25084424,58,131,tzdata\zoneinfo\Africa\Blantyre
b,1,25084482,92,180,tzdata\zoneinfo\Africa\Brazzaville
b,1,25084574,58,131,tzdata\zoneinfo\Africa\Bujumbura
b,1,25084632,702,1309,tzdata\zoneinfo\Africa\Cairo
b,1,25085334,942,1919,tzdata\zoneinfo\Africa\Casablanca
b,1,25086276,313,562,tzdata\zoneinfo\Africa\Ceuta
b,1,25086589,55,130,tzdata\zoneinfo\Africa\Conakry
b,1,25086644,55,130,tzdata\zoneinfo\Africa\Dakar
b,1,25086699,106,191,tzdata\zoneinfo\Africa\Dar_es_Salaam
b,1,25086805,106,191,tzdata\zoneinfo\Africa\Djibouti
b,1,25086911,92,180,tzdata\zoneinfo\Africa\Douala
b,1,25087003,884,1830,tzdata\zoneinfo\Africa\El_Aaiun
b,1,25087887,55,130,tzdata\zoneinfo\Africa\Freetown
b,1,25087942,58,131,tzdata\zoneinfo\Africa\Gaborone
b,1,25088000,58,131,tzdata\zoneinfo\Africa\Harare
b,1,25088058,101,190,tzdata\zoneinfo\Africa\Johannesburg
b,1,25088159,249,458,tzdata\zoneinfo\Africa\Juba
b,1,25088408,106,191,tzdata\zoneinfo\Africa\Kampala
b,1,25088514,249,458,tzdata\zoneinfo\Africa\Khartoum
b,1,25088763,58,131,tzdata\zoneinfo\Africa\Kigali
b,1,25088821,92,180,tzdata\zoneinfo\Africa\Kinshasa
b,1,25088913,92,180,tzdata\zoneinfo\Africa\Lagos
b,1,25089005,92,180,tzdata\zoneinfo\Africa\Libreville
b,1,25089097,55,130,tzdata\zoneinfo\Africa\Lome
b,1,25089152,92,180,tzdata\zoneinfo\Africa\Luanda
b,1,25089244,58,131,tzdata\zoneinfo\Africa\Lubumbashi
b,1,25089302,58,131,tzdata\zoneinfo\Africa\Lusaka
b,1,25089360,92,180,tzdata\zoneinfo\Africa\Malabo
b,1,25089452,58,131,tzdata\zoneinfo\Africa\Maputo
b,1,25089510,101,190,tzdata\zoneinfo\Africa\Maseru
b,1,25089611,101,190,tzdata\zoneinfo\Africa\Mbabane
b,1,25089712,106,191,tzdata\zoneinfo\Africa\Mogadishu
b,1,25089818,80,164,tzdata\zoneinfo\Africa\Monrovia
b,1,25089898,106,191,tzdata\zoneinfo\Africa\Nairobi
b,1,25090004,79,160,tzdata\zoneinfo\Africa\Ndjamena
b,1,25090083,92,180,tzdata\zoneinfo\Africa\Niamey
b,1,25090175,55,130,tzdata\zoneinfo\Africa\Nouakchott
b,1,25090230,55,130,tzdata\zoneinfo\Africa\Ouagadougou
b,1,25090285,92,180,tzdata\zoneinfo\Africa\Porto-Novo
b,1,25090377,86,173,tzdata\zoneinfo\Africa\Sao_Tome
b,1,25090463,55,130,tzdata\zoneinfo\Africa\Timbuktu
b,1,25090518,245,431,tzdata\zoneinfo\Africa\Tripoli
b,1,25090763,250,449,tzdata\zoneinfo\Africa\Tunis
b,1,25091013,363,638,tzdata\zoneinfo\Africa\Windhoek
b,1,25091376,552,969,tzdata\zoneinfo\America\Adak
b,1,25091928,550,977,tzdata\zoneinfo\America\Anchorage
b,1,25092478,94,177,tzdata\zoneinfo\America\Anguilla
b,1,25092572,94,177,tzdata\zoneinfo\America\Antigua
b,1,25092666,333,592,tzdata\zoneinfo\America\Araguaina
b,1,25092999,408,708,tzdata\zoneinfo\America\Argentina\Buenos_Aires
b,1,25093407,413,708,tzdata\zoneinfo\America\Argentina\Catamarca
b,1,25093820,413,708,tzdata\zoneinfo\America\Argentina\ComodRivadavia
b,1,25094233,409,708,tzdata\zoneinfo\America\Argentina\Cordoba
b,1,25094642,405,690,tzdata\zoneinfo\America\Argentina\Jujuy
b,1,25095047,417,717,tzdata\zoneinfo\America\Argentina\La_Rioja
b,1,25095464,416,708,tzdata\zoneinfo\America\Argentina\Mendoza
b,1,25095880,411,708,tzdata\zoneinfo\America\Argentina\Rio_Gallegos
b,1,25096291,403,690,tzdata\zoneinfo\America\Argentina\Salta
b,1,25096694,417,717,tzdata\zoneinfo\America\Argentina\San_Juan
b,1,25097111,417,717,tzdata\zoneinfo\America\Argentina\San_Luis
b,1,25097528,423,726,tzdata\zoneinfo\America\Argentina\Tucuman
b,1,25097951,412,708,tzdata\zoneinfo\America\Argentina\Ushuaia
b,1,25098363,94,177,tzdata\zoneinfo\America\Aruba
b,1,25098457,578,1085,tzdata\zoneinfo\America\Asuncion
b,1,25099035,76,149,tzdata\zoneinfo\America\Atikokan
b,1,25099111,552,969,tzdata\zoneinfo\America\Atka
b,1,25099663,384,682,tzdata\zoneinfo\America\Bahia
b,1,25100047,396,700,tzdata\zoneinfo\America\Bahia_Banderas
b,1,25100443,163,278,tzdata\zoneinfo\America\Barbados
b,1,25100606,223,394,tzdata\zoneinfo\America\Belem
b,1,25100829,564,1045,tzdata\zoneinfo\America\Belize
b,1,25101393,94,177,tzdata\zoneinfo\America\Blanc-Sablon
b,1,25101487,243,430,tzdata\zoneinfo\America\Boa_Vista
b,1,25101730,96,179,tzdata\zoneinfo\America\Bogota
b,1,25101826,554,999,tzdata\zoneinfo\America\Boise
b,1,25102380,408,708,tzdata\zoneinfo\America\Buenos_Aires
b,1,25102788,500,883,tzdata\zoneinfo\America\Cambridge_Bay
b,1,25103288,520,952,tzdata\zoneinfo\America\Campo_Grande
b,1,25103808,308,538,tzdata\zoneinfo\America\Cancun
b,1,25104116,109,190,tzdata\zoneinfo\America\Caracas
b,1,25104225,413,708,tzdata\zoneinfo\America\Catamarca
b,1,25104638,80,151,tzdata\zoneinfo\America\Cayenne
b,1,25104718,76,149,tzdata\zoneinfo\America\Cayman
b,1,25104794,901,1754,tzdata\zoneinfo\America\Chicago
b,1,25105695,393,691,tzdata\zoneinfo\America\Chihuahua
b,1,25106088,414,718,tzdata\zoneinfo\America\Ciudad_Juarez
b,1,25106502,76,149,tzdata\zoneinfo\America\Coral_Harbour
b,1,25106578,409,708,tzdata\zoneinfo\America\Cordoba
b,1,25106987,128,232,tzdata\zoneinfo\America\Costa_Rica
b,1,25107115,732,1362,tzdata\zoneinfo\America\Coyhaique
b,1,25107847,137,240,tzdata\zoneinfo\America\Creston
b,1,25107984,511,934,tzdata\zoneinfo\America\Cuiaba
b,1,25108495,94,177,tzdata\zoneinfo\America\Curacao
b,1,25108589,239,447,tzdata\zoneinfo\America\Danmarkshavn
b,1,25108828,562,1029,tzdata\zoneinfo\America\Dawson
b,1,25109390,387,683,tzdata\zoneinfo\America\Dawson_Creek
b,1,25109777,568,1042,tzdata\zoneinfo\America\Denver
b,1,25110345,505,899,tzdata\zoneinfo\America\Detroit
b,1,25110850,94,177,tzdata\zoneinfo\America\Dominica
b,1,25110944,540,970,tzdata\zoneinfo\America\Edmonton
b,1,25111484,248,436,tzdata\zoneinfo\America\Eirunepe
b,1,25111732,96,176,tzdata\zoneinfo\America\El_Salvador
b,1,25111828,722,1367,tzdata\zoneinfo\America\Ensenada
b,1,25112550,732,1448,tzdata\zoneinfo\America\Fort_Nelson
b,1,25113282,318,531,tzdata\zoneinfo\America\Fort_Wayne
b,1,25113600,274,484,tzdata\zoneinfo\America\Fortaleza
b,1,25113874,490,880,tzdata\zoneinfo\America\Glace_Bay
b,1,25114364,509,965,tzdata\zoneinfo\America\Godthab
b,1,25114873,853,1580,tzdata\zoneinfo\America\Goose_Bay
b,1,25115726,476,853,tzdata\zoneinfo\America\Grand_Turk
b,1,25116202,94,177,tzdata\zoneinfo\America\Grenada
b,1,25116296,94,177,tzdata\zoneinfo\America\Guadeloupe
b,1,25116390,115,212,tzdata\zoneinfo\America\Guatemala
b,1,25116505,97,179,tzdata\zoneinfo\America\Guayaquil
b,1,25116602,101,181,tzdata\zoneinfo\America\Guyana
b,1,25116703,863,1672,tzdata\zoneinfo\America\Halifax
b,1,25117566,599,1117,tzdata\zoneinfo\America\Havana
b,1,25118165,149,258,tzdata\zoneinfo\America\Hermosillo
b,1,25118314,318,531,tzdata\zoneinfo\America\Indiana\Indianapolis
b,1,25118632,565,1016,tzdata\zoneinfo\America\Indiana\Knox
b,1,25119197,336,567,tzdata\zoneinfo\America\Indiana\Marengo
b,1,25119533,400,683,tzdata\zoneinfo\America\Indiana\Petersburg
b,1,25119933,315,522,tzdata\zoneinfo\America\Indiana\Tell_City
b,1,25120248,224,369,tzdata\zoneinfo\America\Indiana\Vevay
b,1,25120472,333,558,tzdata\zoneinfo\America\Indiana\Vincennes
b,1,25120805,358,603,tzdata\zoneinfo\America\Indiana\Winamac
b,1,25121163,318,531,tzdata\zoneinfo\America\Indianapolis
b,1,25121481,451,817,tzdata\zoneinfo\America\Inuvik
b,1,25121932,486,855,tzdata\zoneinfo\America\Iqaluit
b,1,25122418,187,339,tzdata\zoneinfo\America\Jamaica
b,1,25122605,405,690,tzdata\zoneinfo\America\Jujuy
b,1,25123010,541,966,tzdata\zoneinfo\America\Juneau
b,1,25123551,680,1242,tzdata\zoneinfo\America\Kentucky\Louisville
b,1,25124231,549,972,tzdata\zoneinfo\America\Kentucky\Monticello
b,1,25124780,565,1016,tzdata\zoneinfo\America\Knox_IN
b,1,25125345,94,177,tzdata\zoneinfo\America\Kralendijk
b,1,25125439,92,170,tzdata\zoneinfo\America\La_Paz
b,1,25125531,161,283,tzdata\zoneinfo\America\Lima
b,1,25125692,680,1294,tzdata\zoneinfo\America\Los_Angeles
b,1,25126372,680,1242,tzdata\zoneinfo\America\Louisville
b,1,25127052,94,177,tzdata\zoneinfo\America\Lower_Princes
b,1,25127146,283,502,tzdata\zoneinfo\America\Maceio
b,1,25127429,172,295,tzdata\zoneinfo\America\Managua
b,1,25127601,232,412,tzdata\zoneinfo\America\Manaus
b,1,25127833,94,177,tzdata\zoneinfo\America\Marigot
b,1,25127927,96,178,tzdata\zoneinfo\America\Martinique
b,1,25128023,247,437,tzdata\zoneinfo\America\Matamoros
b,1,25128270,383,690,tzdata\zoneinfo\America\Mazatlan
b,1,25128653,416,708,tzdata\zoneinfo\America\Mendoza
b,1,25129069,515,917,tzdata\zoneinfo\America\Menominee
b,1,25129584,359,654,tzdata\zoneinfo\America\Merida
b,1,25129943,343,586,tzdata\zoneinfo\America\Metlakatla
b,1,25130286,426,773,tzdata\zoneinfo\America\Mexico_City
b,1,25130712,317,550,tzdata\zoneinfo\America\Miquelon
b,1,25131029,776,1493,tzdata\zoneinfo\America\Moncton
b,1,25131805,392,709,tzdata\zoneinfo\America\Monterrey
b,1,25132197,563,969,tzdata\zoneinfo\America\Montevideo
b,1,25132760,868,1717,tzdata\zoneinfo\America\Montreal
b,1,25133628,94,177,tzdata\zoneinfo\America\Montserrat
b,1,25133722,868,1717,tzdata\zoneinfo\America\Nassau
b,1,25134590,887,1744,tzdata\zoneinfo\America\New_York
b,1,25135477,868,1717,tzdata\zoneinfo\America\Nipigon
b,1,25136345,553,975,tzdata\zoneinfo\America\Nome
b,1,25136898,274,484,tzdata\zoneinfo\America\Noronha
b,1,25137172,572,1043,tzdata\zoneinfo\America\North_Dakota\Beulah
b,1,25137744,552,990,tzdata\zoneinfo\America\North_Dakota\Center
b,1,25138296,552,990,tzdata\zoneinfo\America\North_Dakota\New_Salem
b,1,25138848,509,965,tzdata\zoneinfo\America\Nuuk
b,1,25139357,415,718,tzdata\zoneinfo\America\Ojinaga
b,1,25139772,76,149,tzdata\zoneinfo\America\Panama
b,1,25139848,486,855,tzdata\zoneinfo\America\Pangnirtung
b,1,25140334,103,187,tzdata\zoneinfo\America\Paramaribo
b,1,25140437,137,240,tzdata\zoneinfo\America\Phoenix
b,1,25140574,320,565,tzdata\zoneinfo\America\Port-au-Prince
b,1,25140894,94,177,tzdata\zoneinfo\America\Port_of_Spain
b,1,25140988,237,418,tzdata\zoneinfo\America\Porto_Acre
b,1,25141225,222,394,tzdata\zoneinfo\America\Porto_Velho
b,1,25141447,94,177,tzdata\zoneinfo\America\Puerto_Rico
b,1,25141541,656,1218,tzdata\zoneinfo\America\Punta_Arenas
b,1,25142197,674,1294,tzdata\zoneinfo\America\Rainy_River
b,1,25142871,450,807,tzdata\zoneinfo\America\Rankin_Inlet
b,1,25143321,273,484,tzdata\zoneinfo\America\Recife
b,1,25143594,364,638,tzdata\zoneinfo\America\Regina
b,1,25143958,449,807,tzdata\zoneinfo\America\Resolute
b,1,25144407,237,418,tzdata\zoneinfo\America\Rio_Branco
b,1,25144644,409,708,tzdata\zoneinfo\America\Rosario
b,1,25145053,722,1367,tzdata\zoneinfo\America\Santa_Isabel
b,1,25145775,233,409,tzdata\zoneinfo\America\Santarem
b,1,25146008,732,1354,tzdata\zoneinfo\America\Santiago
b,1,25146740,191,317,tzdata\zoneinfo\America\Santo_Domingo
b,1,25146931,521,952,tzdata\zoneinfo\America\Sao_Paulo
b,1,25147452,527,984,tzdata\zoneinfo\America\Scoresbysund
b,1,25147979,568,1042,tzdata\zoneinfo\America\Shiprock
b,1,25148547,538,956,tzdata\zoneinfo\America\Sitka
b,1,25149085,94,177,tzdata\zoneinfo\America\St_Barthelemy
b,1,25149179,977,1878,tzdata\zoneinfo\America\St_Johns
b,1,25150156,94,177,tzdata\zoneinfo\America\St_Kitts
b,1,25150250,94,177,tzdata\zoneinfo\America\St_Lucia
b,1,25150344,94,177,tzdata\zoneinfo\America\St_Thomas
b,1,25150438,94,177,tzdata\zoneinfo\America\St_Vincent
b,1,25150532,209,368,tzdata\zoneinfo\America\Swift_Current
b,1,25150741,106,194,tzdata\zoneinfo\America\Tegucigalpa
b,1,25150847,257,455,tzdata\zoneinfo\America\Thule
b,1,25151104,868,1717,tzdata\zoneinfo\America\Thunder_Bay
b,1,25151972,722,1367,tzdata\zoneinfo\America\Tijuana
b,1,25152694,868,1717,tzdata\zoneinfo\America\Toronto
b,1,25153562,94,177,tzdata\zoneinfo\America\Tortola
b,1,25153656,684,1330,tzdata\zoneinfo\America\Vancouver
b,1,25154340,94,177,tzdata\zoneinfo\America\Virgin
b,1,25154434,560,1029,tzdata\zoneinfo\America\Whitehorse
b,1,25154994,674,1294,tzdata\zoneinfo\America\Winnipeg
b,1,25155668,521,946,tzdata\zoneinfo\America\Yakutat
b,1,25156189,540,970,tzdata\zoneinfo\America\Yellowknife
b,1,25156729,158,287,tzdata\zoneinfo\Antarctica\Casey
b,1,25156887,105,197,tzdata\zoneinfo\Antarctica\Davis
b,1,25156992,79,154,tzdata\zoneinfo\Antarctica\DumontDUrville
b,1,25157071,517,976,tzdata\zoneinfo\Antarctica\Macquarie
b,1,25157588,74,152,tzdata\zoneinfo\Antarctica\Mawson
b,1,25157662,561,1043,tzdata\zoneinfo\Antarctica\McMurdo
b,1,25158223,499,887,tzdata\zoneinfo\Antarctica\Palmer
b,1,25158722,56,132,tzdata\zoneinfo\Antarctica\Rothera
b,1,25158778,561,1043,tzdata\zoneinfo\Antarctica\South_Pole
b,1,25159339,61,133,tzdata\zoneinfo\Antarctica\Syowa
b,1,25159400,72,158,tzdata\zoneinfo\Antarctica\Troll
b,1,25159472,84,170,tzdata\zoneinfo\Antarctica\Vostok
b,1,25159556,389,705,tzdata\zoneinfo\Arctic\Longyearbyen
b,1,25159945,61,133,tzdata\zoneinfo\Asia\Aden
b,1,25160006,342,618,tzdata\zoneinfo\Asia\Almaty
b,1,25160348,500,928,tzdata\zoneinfo\Asia\Amman
b,1,25160848,419,743,tzdata\zoneinfo\Asia\Anadyr
b,1,25161267,339,606,tzdata\zoneinfo\Asia\Aqtau
b,1,25161606,341,615,tzdata\zoneinfo\Asia\Aqtobe
b,1,25161947,211,375,tzdata\zoneinfo\Asia\Ashgabat
b,1,25162158,211,375,tzdata\zoneinfo\Asia\Ashkhabad
b,1,25162369,344,616,tzdata\zoneinfo\Asia\Atyrau
b,1,25162713,342,630,tzdata\zoneinfo\Asia\Baghdad
b,1,25163055,77,152,tzdata\zoneinfo\Asia\Bahrain
b,1,25163132,406,744,tzdata\zoneinfo\Asia\Baku
b,1,25163538,75,152,tzdata\zoneinfo\Asia\Bangkok
b,1,25163613,418,753,tzdata\zoneinfo\Asia\Barnaul
b,1,25164031,408,732,tzdata\zoneinfo\Asia\Beirut
b,1,25164439,347,618,tzdata\zoneinfo\Asia\Bishkek
b,1,25164786,185,320,tzdata\zoneinfo\Asia\Brunei
b,1,25164971,131,220,tzdata\zoneinfo\Asia\Calcutta
b,1,25165102,415,750,tzdata\zoneinfo\Asia\Chita
b,1,25165517,328,594,tzdata\zoneinfo\Asia\Choibalsan
b,1,25165845,218,393,tzdata\zoneinfo\Asia\Chongqing
b,1,25166063,218,393,tzdata\zoneinfo\Asia\Chungking
b,1,25166281,146,247,tzdata\zoneinfo\Asia\Colombo
b,1,25166427,136,231,tzdata\zoneinfo\Asia\Dacca
b,1,25166563,653,1234,tzdata\zoneinfo\Asia\Damascus
b,1,25167216,136,231,tzdata\zoneinfo\Asia\Dhaka
b,1,25167352,90,170,tzdata\zoneinfo\Asia\Dili
b,1,25167442,61,133,tzdata\zoneinfo\Asia\Dubai
b,1,25167503,203,366,tzdata\zoneinfo\Asia\Dushanbe
b,1,25167706,508,940,tzdata\zoneinfo\Asia\Famagusta
b,1,25168214,1461,2950,tzdata\zoneinfo\Asia\Gaza
b,1,25169675,218,393,tzdata\zoneinfo\Asia\Harbin
b,1,25169893,1470,2968,tzdata\zoneinfo\Asia\Hebron
b,1,25171363,138,236,tzdata\zoneinfo\Asia\Ho_Chi_Minh
b,1,25171501,427,775,tzdata\zoneinfo\Asia\Hong_Kong
b,1,25171928,326,594,tzdata\zoneinfo\Asia\Hovd
b,1,25172254,421,760,tzdata\zoneinfo\Asia\Irkutsk
b,1,25172675,643,1200,tzdata\zoneinfo\Asia\Istanbul
b,1,25173318,151,248,tzdata\zoneinfo\Asia\Jakarta
b,1,25173469,88,171,tzdata\zoneinfo\Asia\Jayapura
b,1,25173557,602,1074,tzdata\zoneinfo\Asia\Jerusalem
b,1,25174159,81,159,tzdata\zoneinfo\Asia\Kabul
b,1,25174240,402,727,tzdata\zoneinfo\Asia\Kamchatka
b,1,25174642,158,266,tzdata\zoneinfo\Asia\Karachi
b,1,25174800,60,133,tzdata\zoneinfo\Asia\Kashgar
b,1,25174860,83,161,tzdata\zoneinfo\Asia\Kathmandu
b,1,25174943,83,161,tzdata\zoneinfo\Asia\Katmandu
b,1,25175026,437,775,tzdata\zoneinfo\Asia\Khandyga
b,1,25175463,131,220,tzdata\zoneinfo\Asia\Kolkata
b,1,25175594,407,741,tzdata\zoneinfo\Asia\Krasnoyarsk
b,1,25176001,149,256,tzdata\zoneinfo\Asia\Kuala_Lumpur
b,1,25176150,185,320,tzdata\zoneinfo\Asia\Kuching
b,1,25176335,61,133,tzdata\zoneinfo\Asia\Kuwait
b,1,25176396,442,791,tzdata\zoneinfo\Asia\Macao
b,1,25176838,442,791,tzdata\zoneinfo\Asia\Macau
b,1,25177280,417,751,tzdata\zoneinfo\Asia\Magadan
b,1,25177697,101,190,tzdata\zoneinfo\Asia\Makassar
b,1,25177798,157,274,tzdata\zoneinfo\Asia\Manila
b,1,25177955,61,133,tzdata\zoneinfo\Asia\Muscat
b,1,25178016,330,597,tzdata\zoneinfo\Asia\Nicosia
b,1,25178346,399,726,tzdata\zoneinfo\Asia\Novokuznetsk
b,1,25178745,416,753,tzdata\zoneinfo\Asia\Novosibirsk
b,1,25179161,406,741,tzdata\zoneinfo\Asia\Omsk
b,1,25179567,351,625,tzdata\zoneinfo\Asia\Oral
b,1,25179918,75,152,tzdata\zoneinfo\Asia\Phnom_Penh
b,1,25179993,147,247,tzdata\zoneinfo\Asia\Pontianak
b,1,25180140,96,183,tzdata\zoneinfo\Asia\Pyongyang
b,1,25180236,77,152,tzdata\zoneinfo\Asia\Qatar
b,1,25180313,348,624,tzdata\zoneinfo\Asia\Qostanay
b,1,25180661,350,624,tzdata\zoneinfo\Asia\Qyzylorda
b,1,25181011,101,187,tzdata\zoneinfo\Asia\Rangoon
b,1,25181112,61,133,tzdata\zoneinfo\Asia\Riyadh
b,1,25181173,138,236,tzdata\zoneinfo\Asia\Saigon
b,1,25181311,424,755,tzdata\zoneinfo\Asia\Sakhalin
b,1,25181735,204,366,tzdata\zoneinfo\Asia\Samarkand
b,1,25181939,243,415,tzdata\zoneinfo\Asia\Seoul
b,1,25182182,218,393,tzdata\zoneinfo\Asia\Shanghai
b,1,25182400,149,256,tzdata\zoneinfo\Asia\Singapore
b,1,25182549,410,742,tzdata\zoneinfo\Asia\Srednekolymsk
b,1,25182959,290,511,tzdata\zoneinfo\Asia\Taipei
b,1,25183249,203,366,tzdata\zoneinfo\Asia\Tashkent
b,1,25183452,362,629,tzdata\zoneinfo\Asia\Tbilisi
b,1,25183814,458,812,tzdata\zoneinfo\Asia\Tehran
b,1,25184272,602,1074,tzdata\zoneinfo\Asia\Tel_Aviv
b,1,25184874,77,154,tzdata\zoneinfo\Asia\Thimbu
b,1,25184951,77,154,tzdata\zoneinfo\Asia\Thimphu
b,1,25185028,111,213,tzdata\zoneinfo\Asia\Tokyo
b,1,25185139,419,753,tzdata\zoneinfo\Asia\Tomsk
b,1,25185558,101,190,tzdata\zoneinfo\Asia\Ujung_Pandang
b,1,25185659,328,594,tzdata\zoneinfo\Asia\Ulaanbaatar
b,1,25185987,328,594,tzdata\zoneinfo\Asia\Ulan_Bator
b,1,25186315,60,133,tzdata\zoneinfo\Asia\Urumqi
b,1,25186375,434,771,tzdata\zoneinfo\Asia\Ust-Nera
b,1,25186809,75,152,tzdata\zoneinfo\Asia\Vientiane
b,1,25186884,412,742,tzdata\zoneinfo\Asia\Vladivostok
b,1,25187296,408,741,tzdata\zoneinfo\Asia\Yakutsk
b,1,25187704,101,187,tzdata\zoneinfo\Asia\Yangon
b,1,25187805,418,760,tzdata\zoneinfo\Asia\Yekaterinburg
b,1,25188223,390,708,tzdata\zoneinfo\Asia\Yerevan
b,1,25188613,741,1401,tzdata\zoneinfo\Atlantic\Azores
b,1,25189354,568,1024,tzdata\zoneinfo\Atlantic\Bermuda
b,1,25189922,262,478,tzdata\zoneinfo\Atlantic\Canary
b,1,25190184,95,175,tzdata\zoneinfo\Atlantic\Cape_Verde
b,1,25190279,235,441,tzdata\zoneinfo\Atlantic\Faeroe
b,1,25190514,235,441,tzdata\zoneinfo\Atlantic\Faroe
b,1,25190749,389,705,tzdata\zoneinfo\Atlantic\Jan_Mayen
b,1,25191138,714,1372,tzdata\zoneinfo\Atlantic\Madeira
b,1,25191852,55,130,tzdata\zoneinfo\Atlantic\Reykjavik
b,1,25191907,64,132,tzdata\zoneinfo\Atlantic\South_Georgia
b,1,25191971,55,130,tzdata\zoneinfo\Atlantic\St_Helena
b,1,25192026,443,789,tzdata\zoneinfo\Atlantic\Stanley
b,1,25192469,473,904,tzdata\zoneinfo\Australia\ACT
b,1,25192942,492,921,tzdata\zoneinfo\Australia\Adelaide
b,1,25193434,151,289,tzdata\zoneinfo\Australia\Brisbane
b,1,25193585,501,941,tzdata\zoneinfo\Australia\Broken_Hill
b,1,25194086,473,904,tzdata\zoneinfo\Australia\Canberra
b,1,25194559,524,1003,tzdata\zoneinfo\Australia\Currie
b,1,25195083,127,234,tzdata\zoneinfo\Australia\Darwin
b,1,25195210,165,314,tzdata\zoneinfo\Australia\Eucla
b,1,25195375,524,1003,tzdata\zoneinfo\Australia\Hobart
b,1,25195899,398,692,tzdata\zoneinfo\Australia\LHI
b,1,25196297,171,325,tzdata\zoneinfo\Australia\Lindeman
b,1,25196468,398,692,tzdata\zoneinfo\Australia\Lord_Howe
b,1,25196866,475,904,tzdata\zoneinfo\Australia\Melbourne
b,1,25197341,473,904,tzdata\zoneinfo\Australia\NSW
b,1,25197814,127,234,tzdata\zoneinfo\Australia\North
b,1,25197941,158,306,tzdata\zoneinfo\Australia\Perth
b,1,25198099,151,289,tzdata\zoneinfo\Australia\Queensland
b,1,25198250,492,921,tzdata\zoneinfo\Australia\South
b,1,25198742,473,904,tzdata\zoneinfo\Australia\Sydney
b,1,25199215,524,1003,tzdata\zoneinfo\Australia\Tasmania
b,1,25199739,475,904,tzdata\zoneinfo\Australia\Victoria
b,1,25200214,158,306,tzdata\zoneinfo\Australia\West
b,1,25200372,501,941,tzdata\zoneinfo\Australia\Yancowinna
b,1,25200873,237,418,tzdata\zoneinfo\Brazil\Acre
b,1,25201110,274,484,tzdata\zoneinfo\Brazil\DeNoronha
b,1,25201384,521,952,tzdata\zoneinfo\Brazil\East
b,1,25201905,232,412,tzdata\zoneinfo\Brazil\West
b,1,25202137,592,1103,tzdata\zoneinfo\CET
b,1,25202729,901,1754,tzdata\zoneinfo\CST6CDT
b,1,25203630,863,1672,tzdata\zoneinfo\Canada\Atlantic
b,1,25204493,674,1294,tzdata\zoneinfo\Canada\Central
b,1,25205167,868,1717,tzdata\zoneinfo\Canada\Eastern
b,1,25206035,540,970,tzdata\zoneinfo\Canada\Mountain
b,1,25206575,977,1878,tzdata\zoneinfo\Canada\Newfoundland
b,1,25207552,684,1330,tzdata\zoneinfo\Canada\Pacific
b,1,25208236,364,638,tzdata\zoneinfo\Canada\Saskatchewan
b,1,25208600,560,1029,tzdata\zoneinfo\Canada\Yukon
b,1,25209160,732,1354,tzdata\zoneinfo\Chile\Continental
b,1,25209892,628,1174,tzdata\zoneinfo\Chile\EasterIsland
b,1,25210520,599,1117,tzdata\zoneinfo\Cuba
b,1,25211119,390,682,tzdata\zoneinfo\EET
b,1,25211509,76,149,tzdata\zoneinfo\EST
b,1,25211585,887,1744,tzdata\zoneinfo\EST5EDT
b,1,25212472,702,1309,tzdata\zoneinfo\Egypt
b,1,25213174,750,1496,tzdata\zoneinfo\Eire
b,1,25213924,34,111,tzdata\zoneinfo\Etc\GMT
b,1,25213958,34,111,tzdata\zoneinfo\Etc\GMT+0
b,1,25213992,41,113,tzdata\zoneinfo\Etc\GMT+1
b,1,25214033,42,114,tzdata\zoneinfo\Etc\GMT+10
b,1,25214075,42,114,tzdata\zoneinfo\Etc\GMT+11
b,1,25214117,42,114,tzdata\zoneinfo\Etc\GMT+12
b,1,25214159,41,113,tzdata\zoneinfo\Etc\GMT+2
b,1,25214200,41,113,tzdata\zoneinfo\Etc\GMT+3
b,1,25214241,41,113,tzdata\zoneinfo\Etc\GMT+4
b,1,25214282,41,113,tzdata\zoneinfo\Etc\GMT+5
b,1,25214323,41,113,tzdata\zoneinfo\Etc\GMT+6
b,1,25214364,41,113,tzdata\zoneinfo\Etc\GMT+7
b,1,25214405,41,113,tzdata\zoneinfo\Etc\GMT+8
b,1,25214446,41,113,tzdata\zoneinfo\Etc\GMT+9
b,1,25214487,34,111,tzdata\zoneinfo\Etc\GMT-0
b,1,25214521,41,114,tzdata\zoneinfo\Etc\GMT-1
b,1,25214562,43,115,tzdata\zoneinfo\Etc\GMT-10
b,1,25214605,43,115,tzdata\zoneinfo\Etc\GMT-11
b,1,25214648,43,115,tzdata\zoneinfo\Etc\GMT-12
b,1,25214691,43,115,tzdata\zoneinfo\Etc\GMT-13
b,1,25214734,43,115,tzdata\zoneinfo\Etc\GMT-14
b,1,25214777,41,114,tzdata\zoneinfo\Etc\GMT-2
b,1,25214818,41,114,tzdata\zoneinfo\Etc\GMT-3
b,1,25214859,41,114,tzdata\zoneinfo\Etc\GMT-4
b,1,25214900,41,114,tzdata\zoneinfo\Etc\GMT-5
b,1,25214941,40,114,tzdata\zoneinfo\Etc\GMT-6
b,1,25214981,41,114,tzdata\zoneinfo\Etc\GMT-7
b,1,25215022,41,114,tzdata\zoneinfo\Etc\GMT-8
b,1,25215063,42,114,tzdata\zoneinfo\Etc\GMT-9
b,1,25215105,34,111,tzdata\zoneinfo\Etc\GMT0
b,1,25215139,34,111,tzdata\zoneinfo\Etc\Greenwich
b,1,25215173,34,111,tzdata\zoneinfo\Etc\UCT
b,1,25215207,34,111,tzdata\zoneinfo\Etc\UTC
b,1,25215241,34,111,tzdata\zoneinfo\Etc\Universal
b,1,25215275,34,111,tzdata\zoneinfo\Etc\Zulu
b,1,25215309,592,1103,tzdata\zoneinfo\Europe\Amsterdam
b,1,25215901,209,389,tzdata\zoneinfo\Europe\Andorra
b,1,25216110,404,726,tzdata\zoneinfo\Europe\Astrakhan
b,1,25216514,390,682,tzdata\zoneinfo\Europe\Athens
b,1,25216904,800,1599,tzdata\zoneinfo\Europe\Belfast
b,1,25217704,261,478,tzdata\zoneinfo\Europe\Belgrade
b,1,25217965,389,705,tzdata\zoneinfo\Europe\Berlin
b,1,25218354,398,723,tzdata\zoneinfo\Europe\Bratislava
b,1,25218752,592,1103,tzdata\zoneinfo\Europe\Brussels
b,1,25219344,366,661,tzdata\zoneinfo\Europe\Bucharest
b,1,25219710,421,766,tzdata\zoneinfo\Europe\Budapest
b,1,25220131,269,497,tzdata\zoneinfo\Europe\Busingen
b,1,25220400,442,755,tzdata\zoneinfo\Europe\Chisinau
b,1,25220842,389,705,tzdata\zoneinfo\Europe\Copenhagen
b,1,25221231,750,1496,tzdata\zoneinfo\Europe\Dublin
b,1,25221981,637,1220,tzdata\zoneinfo\Europe\Gibraltar
b,1,25222618,800,1599,tzdata\zoneinfo\Europe\Guernsey
b,1,25223418,264,481,tzdata\zoneinfo\Europe\Helsinki
b,1,25223682,800,1599,tzdata\zoneinfo\Europe\Isle_of_Man
b,1,25224482,643,1200,tzdata\zoneinfo\Europe\Istanbul
b,1,25225125,800,1599,tzdata\zoneinfo\Europe\Jersey
b,1,25225925,509,904,tzdata\zoneinfo\Europe\Kaliningrad
b,1,25226434,333,558,tzdata\zoneinfo\Europe\Kiev
b,1,25226767,407,735,tzdata\zoneinfo\Europe\Kirov
b,1,25227174,333,558,tzdata\zoneinfo\Europe\Kyiv
b,1,25227507,749,1463,tzdata\zoneinfo\Europe\Lisbon
b,1,25228256,261,478,tzdata\zoneinfo\Europe\Ljubljana
b,1,25228517,800,1599,tzdata\zoneinfo\Europe\London
b,1,25229317,592,1103,tzdata\zoneinfo\Europe\Luxembourg
b,1,25229909,501,897,tzdata\zoneinfo\Europe\Madrid
b,1,25230410,509,928,tzdata\zoneinfo\Europe\Malta
b,1,25230919,264,481,tzdata\zoneinfo\Europe\Mariehamn
b,1,25231183,462,808,tzdata\zoneinfo\Europe\Minsk
b,1,25231645,595,1105,tzdata\zoneinfo\Europe\Monaco
b,1,25232240,525,908,tzdata\zoneinfo\Europe\Moscow
b,1,25232765,330,597,tzdata\zoneinfo\Europe\Nicosia
b,1,25233095,389,705,tzdata\zoneinfo\Europe\Oslo
b,1,25233484,595,1105,tzdata\zoneinfo\Europe\Paris
b,1,25234079,261,478,tzdata\zoneinfo\Europe\Podgorica
b,1,25234340,398,723,tzdata\zoneinfo\Europe\Prague
b,1,25234738,413,694,tzdata\zoneinfo\Europe\Riga
b,1,25235151,518,947,tzdata\zoneinfo\Europe\Rome
b,1,25235669,409,732,tzdata\zoneinfo\Europe\Samara
b,1,25236078,518,947,tzdata\zoneinfo\Europe\San_Marino
b,1,25236596,261,478,tzdata\zoneinfo\Europe\Sarajevo
b,1,25236857,403,726,tzdata\zoneinfo\Europe\Saratov
b,1,25237260,500,865,tzdata\zoneinfo\Europe\Simferopol
b,1,25237760,261,478,tzdata\zoneinfo\Europe\Skopje
b,1,25238021,342,592,tzdata\zoneinfo\Europe\Sofia
b,1,25238363,389,705,tzdata\zoneinfo\Europe\Stockholm
b,1,25238752,398,675,tzdata\zoneinfo\Europe\Tallinn
b,1,25239150,331,604,tzdata\zoneinfo\Europe\Tirane
b,1,25239481,442,755,tzdata\zoneinfo\Europe\Tiraspol
b,1,25239923,424,760,tzdata\zoneinfo\Europe\Ulyanovsk
b,1,25240347,333,558,tzdata\zoneinfo\Europe\Uzhgorod
b,1,25240680,269,497,tzdata\zoneinfo\Europe\Vaduz
b,1,25240949,518,947,tzdata\zoneinfo\Europe\Vatican
b,1,25241467,359,658,tzdata\zoneinfo\Europe\Vienna
b,1,25241826,407,676,tzdata\zoneinfo\Europe\Vilnius
b,1,25242233,420,753,tzdata\zoneinfo\Europe\Volgograd
b,1,25242653,510,923,tzdata\zoneinfo\Europe\Warsaw
b,1,25243163,261,478,tzdata\zoneinfo\Europe\Zagreb
b,1,25243424,333,558,tzdata\zoneinfo\Europe\Zaporozhye
b,1,25243757,269,497,tzdata\zoneinfo\Europe\Zurich
b,1,25244026,36,113,tzdata\zoneinfo\Factory
b,1,25244062,800,1599,tzdata\zoneinfo\GB
b,1,25244862,800,1599,tzdata\zoneinfo\GB-Eire
b,1,25245662,34,111,tzdata\zoneinfo\GMT
b,1,25245696,34,111,tzdata\zoneinfo\GMT+0
b,1,25245730,34,111,tzdata\zoneinfo\GMT-0
b,1,25245764,34,111,tzdata\zoneinfo\GMT0
b,1,25245798,34,111,tzdata\zoneinfo\Greenwich
b,1,25245832,125,221,tzdata\zoneinfo\HST
b,1,25245957,427,775,tzdata\zoneinfo\Hongkong
b,1,25246384,55,130,tzdata\zoneinfo\Iceland
b,1,25246439,106,191,tzdata\zoneinfo\Indian\Antananarivo
b,1,25246545,76,152,tzdata\zoneinfo\Indian\Chagos
b,1,25246621,75,152,tzdata\zoneinfo\Indian\Christmas
b,1,25246696,101,187,tzdata\zoneinfo\Indian\Cocos
b,1,25246797,106,191,tzdata\zoneinfo\Indian\Comoro
b,1,25246903,75,152,tzdata\zoneinfo\Indian\Kerguelen
b,1,25246978,61,133,tzdata\zoneinfo\Indian\Mahe
b,1,25247039,75,152,tzdata\zoneinfo\Indian\Maldives
b,1,25247114,95,179,tzdata\zoneinfo\Indian\Mauritius
b,1,25247209,106,191,tzdata\zoneinfo\Indian\Mayotte
b,1,25247315,61,133,tzdata\zoneinfo\Indian\Reunion
b,1,25247376,458,812,tzdata\zoneinfo\Iran
b,1,25247834,602,1074,tzdata\zoneinfo\Israel
b,1,25248436,187,339,tzdata\zoneinfo\Jamaica
b,1,25248623,111,213,tzdata\zoneinfo\Japan
b,1,25248734,132,219,tzdata\zoneinfo\Kwajalein
b,1,25248866,245,431,tzdata\zoneinfo\Libya
b,1,25249111,592,1103,tzdata\zoneinfo\MET
b,1,25249703,137,240,tzdata\zoneinfo\MST
b,1,25249840,568,1042,tzdata\zoneinfo\MST7MDT
b,1,25250408,722,1367,tzdata\zoneinfo\Mexico\BajaNorte
b,1,25251130,383,690,tzdata\zoneinfo\Mexico\BajaSur
b,1,25251513,426,773,tzdata\zoneinfo\Mexico\General
b,1,25251939,561,1043,tzdata\zoneinfo\NZ
b,1,25252500,431,808,tzdata\zoneinfo\NZ-CHAT
b,1,25252931,568,1042,tzdata\zoneinfo\Navajo
b,1,25253499,218,393,tzdata\zoneinfo\PRC
b,1,25253717,680,1294,tzdata\zoneinfo\PST8PDT
b,1,25254397,240,407,tzdata\zoneinfo\Pacific\Apia
b,1,25254637,561,1043,tzdata\zoneinfo\Pacific\Auckland
b,1,25255198,115,201,tzdata\zoneinfo\Pacific\Bougainville
b,1,25255313,431,808,tzdata\zoneinfo\Pacific\Chatham
b,1,25255744,79,154,tzdata\zoneinfo\Pacific\Chuuk
b,1,25255823,628,1174,tzdata\zoneinfo\Pacific\Easter
b,1,25256451,187,342,tzdata\zoneinfo\Pacific\Efate
b,1,25256638,94,172,tzdata\zoneinfo\Pacific\Enderbury
b,1,25256732,83,153,tzdata\zoneinfo\Pacific\Fakaofo
b,1,25256815,210,396,tzdata\zoneinfo\Pacific\Fiji
b,1,25257025,62,134,tzdata\zoneinfo\Pacific\Funafuti
b,1,25257087,91,175,tzdata\zoneinfo\Pacific\Galapagos
b,1,25257178,61,132,tzdata\zoneinfo\Pacific\Gambier
b,1,25257239,62,134,tzdata\zoneinfo\Pacific\Guadalcanal
b,1,25257301,204,350,tzdata\zoneinfo\Pacific\Guam
b,1,25257505,125,221,tzdata\zoneinfo\Pacific\Honolulu
b,1,25257630,125,221,tzdata\zoneinfo\Pacific\Johnston
b,1,25257755,94,172,tzdata\zoneinfo\Pacific\Kanton
b,1,25257849,96,174,tzdata\zoneinfo\Pacific\Kiritimati
b,1,25257945,149,242,tzdata\zoneinfo\Pacific\Kosrae
b,1,25258094,132,219,tzdata\zoneinfo\Pacific\Kwajalein
b,1,25258226,62,134,tzdata\zoneinfo\Pacific\Majuro
b,1,25258288,68,139,tzdata\zoneinfo\Pacific\Marquesas
b,1,25258356,71,146,tzdata\zoneinfo\Pacific\Midway
b,1,25258427,101,183,tzdata\zoneinfo\Pacific\Nauru
b,1,25258528,80,154,tzdata\zoneinfo\Pacific\Niue
b,1,25258608,141,237,tzdata\zoneinfo\Pacific\Norfolk
b,1,25258749,109,198,tzdata\zoneinfo\Pacific\Noumea
b,1,25258858,71,146,tzdata\zoneinfo\Pacific\Pago_Pago
b,1,25258929,72,148,tzdata\zoneinfo\Pacific\Palau
b,1,25259001,80,153,tzdata\zoneinfo\Pacific\Pitcairn
b,1,25259081,62,134,tzdata\zoneinfo\Pacific\Pohnpei
b,1,25259143,62,134,tzdata\zoneinfo\Pacific\Ponape
b,1,25259205,79,154,tzdata\zoneinfo\Pacific\Port_Moresby
b,1,25259284,232,406,tzdata\zoneinfo\Pacific\Rarotonga
b,1,25259516,204,350,tzdata\zoneinfo\Pacific\Saipan
b,1,25259720,71,146,tzdata\zoneinfo\Pacific\Samoa
b,1,25259791,63,133,tzdata\zoneinfo\Pacific\Tahiti
b,1,25259854,62,134,tzdata\zoneinfo\Pacific\Tarawa
b,1,25259916,130,237,tzdata\zoneinfo\Pacific\Tongatapu
b,1,25260046,79,154,tzdata\zoneinfo\Pacific\Truk
b,1,25260125,62,134,tzdata\zoneinfo\Pacific\Wake
b,1,25260187,62,134,tzdata\zoneinfo\Pacific\Wallis
b,1,25260249,79,154,tzdata\zoneinfo\Pacific\Yap
b,1,25260328,510,923,tzdata\zoneinfo\Poland
b,1,25260838,749,1463,tzdata\zoneinfo\Portugal
b,1,25261587,290,511,tzdata\zoneinfo\ROC
b,1,25261877,243,415,tzdata\zoneinfo\ROK
b,1,25262120,149,256,tzdata\zoneinfo\Singapore
b,1,25262269,643,1200,tzdata\zoneinfo\Turkey
b,1,25262912,34,111,tzdata\zoneinfo\UCT
b,1,25262946,550,977,tzdata\zoneinfo\US\Alaska
b,1,25263496,552,969,tzdata\zoneinfo\US\Aleutian
b,1,25264048,137,240,tzdata\zoneinfo\US\Arizona
b,1,25264185,901,1754,tzdata\zoneinfo\US\Central
b,1,25265086,318,531,tzdata\zoneinfo\US\East-Indiana
b,1,25265404,887,1744,tzdata\zoneinfo\US\Eastern
b,1,25266291,125,221,tzdata\zoneinfo\US\Hawaii
b,1,25266416,565,1016,tzdata\zoneinfo\US\Indiana-Starke
b,1,25266981,505,899,tzdata\zoneinfo\US\Michigan
b,1,25267486,568,1042,tzdata\zoneinfo\US\Mountain
b,1,25268054,680,1294,tzdata\zoneinfo\US\Pacific
b,1,25268734,71,146,tzdata\zoneinfo\US\Samoa
b,1,25268805,34,111,tzdata\zoneinfo\UTC
b,1,25268839,34,111,tzdata\zoneinfo\Universal
b,1,25268873,525,908,tzdata\zoneinfo\W-SU
b,1,25269398,749,1463,tzdata\zoneinfo\WET
b,1,25270147,34,111,tzdata\zoneinfo\Zulu
b,1,25270181,2811,4841,tzdata\zoneinfo\iso3166.tab
b,1,25272992,1528,3694,tzdata\zoneinfo\leapseconds
b,1,25274520,25033,107441,tzdata\zoneinfo\tzdata.zi
b,1,25299553,9152,18822,tzdata\zoneinfo\zone.tab
b,1,25308705,8636,17605,tzdata\zoneinfo\zone1970.tab
b,1,25317341,3566,8002,tzdata\zoneinfo\zonenow.tab
b,1,25320907,3479,9102,tzdata\zones
b,1,25324386,320810,712024,unicodedata.pyd
o,0,25645196,0,0,pyi-contents-directory _internal
z,0,25645196,11553897,11553897,PYZ.pyz